ISO-10303-21;
HEADER;
FILE_DESCRIPTION(('FreeCAD Model'),'2;1');
FILE_NAME('Open CASCADE Shape Model','2026-09-28T11:36:00',('FreeCAD'),(
    'FreeCAD'),'Open CASCADE STEP processor 7.8','FreeCAD','Unknown');
FILE_SCHEMA(('AUTOMOTIVE_DESIGN { 1 0 10303 214 1 1 1 1 }'));
ENDSEC;
DATA;
#1 = APPLICATION_PROTOCOL_DEFINITION('international standard',
  'automotive_design',2000,#2);
#2 = APPLICATION_CONTEXT(
  'core data for automotive mechanical design processes');
#3 = SHAPE_DEFINITION_REPRESENTATION(#4,#10);
#4 = PRODUCT_DEFINITION_SHAPE('','',#5);
#5 = PRODUCT_DEFINITION('design','',#6,#9);
#6 = PRODUCT_DEFINITION_FORMATION('','',#7);
#7 = PRODUCT('Open CASCADE STEP translator 7.8 1',
  'Open CASCADE STEP translator 7.8 1','',(#8));
#8 = PRODUCT_CONTEXT('',#2,'mechanical');
#9 = PRODUCT_DEFINITION_CONTEXT('part definition',#2,'design');
#10 = SHAPE_REPRESENTATION('',(#11,#15,#1817,#3375,#3473),#3571);
#11 = AXIS2_PLACEMENT_3D('',#12,#13,#14);
#12 = CARTESIAN_POINT('',(0.,0.,0.));
#13 = DIRECTION('',(0.,0.,1.));
#14 = DIRECTION('',(1.,0.,-0.));
#15 = MANIFOLD_SOLID_BREP('',#16);
#16 = CLOSED_SHELL('',(#17,#91,#124,#320,#345,#369,#387,#412,#445,#471,
    #527,#539,#595,#620,#644,#662,#687,#712,#744,#800,#824,#849,#874,
    #898,#954,#972,#997,#1022,#1048,#1143,#1186,#1218,#1235,#1262,#1289,
    #1307,#1325,#1337,#1357,#1377,#1414,#1451,#1468,#1485,#1505,#1525,
    #1542,#1559,#1576,#1593,#1605,#1637,#1661,#1686,#1718,#1742,#1767,
    #1784,#1801));
#17 = ADVANCED_FACE('',(#18),#86,.F.);
#18 = FACE_BOUND('',#19,.F.);
#19 = EDGE_LOOP('',(#20,#30,#38,#46,#54,#63,#71,#80));
#20 = ORIENTED_EDGE('',*,*,#21,.F.);
#21 = EDGE_CURVE('',#22,#24,#26,.T.);
#22 = VERTEX_POINT('',#23);
#23 = CARTESIAN_POINT('',(-39.,-10.,1.2));
#24 = VERTEX_POINT('',#25);
#25 = CARTESIAN_POINT('',(-39.,-10.,9.2));
#26 = LINE('',#27,#28);
#27 = CARTESIAN_POINT('',(-39.,-10.,0.));
#28 = VECTOR('',#29,1.);
#29 = DIRECTION('',(0.,0.,1.));
#30 = ORIENTED_EDGE('',*,*,#31,.T.);
#31 = EDGE_CURVE('',#22,#32,#34,.T.);
#32 = VERTEX_POINT('',#33);
#33 = CARTESIAN_POINT('',(-39.,10.,1.2));
#34 = LINE('',#35,#36);
#35 = CARTESIAN_POINT('',(-39.,-10.,1.2));
#36 = VECTOR('',#37,1.);
#37 = DIRECTION('',(-0.,1.,0.));
#38 = ORIENTED_EDGE('',*,*,#39,.T.);
#39 = EDGE_CURVE('',#32,#40,#42,.T.);
#40 = VERTEX_POINT('',#41);
#41 = CARTESIAN_POINT('',(-39.,10.,9.2));
#42 = LINE('',#43,#44);
#43 = CARTESIAN_POINT('',(-39.,10.,0.));
#44 = VECTOR('',#45,1.);
#45 = DIRECTION('',(0.,0.,1.));
#46 = ORIENTED_EDGE('',*,*,#47,.F.);
#47 = EDGE_CURVE('',#48,#40,#50,.T.);
#48 = VERTEX_POINT('',#49);
#49 = CARTESIAN_POINT('',(-39.,5.53307290077,9.2));
#50 = LINE('',#51,#52);
#51 = CARTESIAN_POINT('',(-39.,-17.,9.2));
#52 = VECTOR('',#53,1.);
#53 = DIRECTION('',(-0.,1.,0.));
#54 = ORIENTED_EDGE('',*,*,#55,.F.);
#55 = EDGE_CURVE('',#56,#48,#58,.T.);
#56 = VERTEX_POINT('',#57);
#57 = CARTESIAN_POINT('',(-39.,3.4,7.9));
#58 = CIRCLE('',#59,2.4);
#59 = AXIS2_PLACEMENT_3D('',#60,#61,#62);
#60 = CARTESIAN_POINT('',(-39.,3.4,10.3));
#61 = DIRECTION('',(1.,0.,0.));
#62 = DIRECTION('',(-0.,0.,1.));
#63 = ORIENTED_EDGE('',*,*,#64,.T.);
#64 = EDGE_CURVE('',#56,#65,#67,.T.);
#65 = VERTEX_POINT('',#66);
#66 = CARTESIAN_POINT('',(-39.,-3.4,7.9));
#67 = LINE('',#68,#69);
#68 = CARTESIAN_POINT('',(-39.,-10.2,7.9));
#69 = VECTOR('',#70,1.);
#70 = DIRECTION('',(0.,-1.,0.));
#71 = ORIENTED_EDGE('',*,*,#72,.F.);
#72 = EDGE_CURVE('',#73,#65,#75,.T.);
#73 = VERTEX_POINT('',#74);
#74 = CARTESIAN_POINT('',(-39.,-5.53307290077,9.2));
#75 = CIRCLE('',#76,2.4);
#76 = AXIS2_PLACEMENT_3D('',#77,#78,#79);
#77 = CARTESIAN_POINT('',(-39.,-3.4,10.3));
#78 = DIRECTION('',(1.,0.,0.));
#79 = DIRECTION('',(-0.,0.,1.));
#80 = ORIENTED_EDGE('',*,*,#81,.F.);
#81 = EDGE_CURVE('',#24,#73,#82,.T.);
#82 = LINE('',#83,#84);
#83 = CARTESIAN_POINT('',(-39.,-17.,9.2));
#84 = VECTOR('',#85,1.);
#85 = DIRECTION('',(-0.,1.,0.));
#86 = PLANE('',#87);
#87 = AXIS2_PLACEMENT_3D('',#88,#89,#90);
#88 = CARTESIAN_POINT('',(-39.,-17.,0.));
#89 = DIRECTION('',(1.,0.,-0.));
#90 = DIRECTION('',(0.,0.,1.));
#91 = ADVANCED_FACE('',(#92),#119,.T.);
#92 = FACE_BOUND('',#93,.T.);
#93 = EDGE_LOOP('',(#94,#95,#104,#112));
#94 = ORIENTED_EDGE('',*,*,#21,.F.);
#95 = ORIENTED_EDGE('',*,*,#96,.F.);
#96 = EDGE_CURVE('',#97,#22,#99,.T.);
#97 = VERTEX_POINT('',#98);
#98 = CARTESIAN_POINT('',(-32.,-17.,1.2));
#99 = CIRCLE('',#100,7.);
#100 = AXIS2_PLACEMENT_3D('',#101,#102,#103);
#101 = CARTESIAN_POINT('',(-32.,-10.,1.2));
#102 = DIRECTION('',(-0.,-0.,-1.));
#103 = DIRECTION('',(0.,-1.,0.));
#104 = ORIENTED_EDGE('',*,*,#105,.T.);
#105 = EDGE_CURVE('',#97,#106,#108,.T.);
#106 = VERTEX_POINT('',#107);
#107 = CARTESIAN_POINT('',(-32.,-17.,9.2));
#108 = LINE('',#109,#110);
#109 = CARTESIAN_POINT('',(-32.,-17.,0.));
#110 = VECTOR('',#111,1.);
#111 = DIRECTION('',(0.,0.,1.));
#112 = ORIENTED_EDGE('',*,*,#113,.F.);
#113 = EDGE_CURVE('',#24,#106,#114,.T.);
#114 = CIRCLE('',#115,7.);
#115 = AXIS2_PLACEMENT_3D('',#116,#117,#118);
#116 = CARTESIAN_POINT('',(-32.,-10.,9.2));
#117 = DIRECTION('',(0.,0.,1.));
#118 = DIRECTION('',(0.,-1.,0.));
#119 = CYLINDRICAL_SURFACE('',#120,7.);
#120 = AXIS2_PLACEMENT_3D('',#121,#122,#123);
#121 = CARTESIAN_POINT('',(-32.,-10.,0.));
#122 = DIRECTION('',(0.,0.,1.));
#123 = DIRECTION('',(-1.,-0.,0.));
#124 = ADVANCED_FACE('',(#125,#201,#212,#223,#293,#304),#315,.T.);
#125 = FACE_BOUND('',#126,.T.);
#126 = EDGE_LOOP('',(#127,#128,#129,#137,#146,#154,#163,#171,#178,#179,
    #187,#195));
#127 = ORIENTED_EDGE('',*,*,#81,.F.);
#128 = ORIENTED_EDGE('',*,*,#113,.T.);
#129 = ORIENTED_EDGE('',*,*,#130,.T.);
#130 = EDGE_CURVE('',#106,#131,#133,.T.);
#131 = VERTEX_POINT('',#132);
#132 = CARTESIAN_POINT('',(32.,-17.,9.2));
#133 = LINE('',#134,#135);
#134 = CARTESIAN_POINT('',(-39.,-17.,9.2));
#135 = VECTOR('',#136,1.);
#136 = DIRECTION('',(1.,0.,-0.));
#137 = ORIENTED_EDGE('',*,*,#138,.F.);
#138 = EDGE_CURVE('',#139,#131,#141,.T.);
#139 = VERTEX_POINT('',#140);
#140 = CARTESIAN_POINT('',(39.,-10.,9.2));
#141 = CIRCLE('',#142,7.);
#142 = AXIS2_PLACEMENT_3D('',#143,#144,#145);
#143 = CARTESIAN_POINT('',(32.,-10.,9.2));
#144 = DIRECTION('',(-0.,-0.,-1.));
#145 = DIRECTION('',(0.,-1.,0.));
#146 = ORIENTED_EDGE('',*,*,#147,.T.);
#147 = EDGE_CURVE('',#139,#148,#150,.T.);
#148 = VERTEX_POINT('',#149);
#149 = CARTESIAN_POINT('',(39.,10.,9.2));
#150 = LINE('',#151,#152);
#151 = CARTESIAN_POINT('',(39.,-17.,9.2));
#152 = VECTOR('',#153,1.);
#153 = DIRECTION('',(-0.,1.,0.));
#154 = ORIENTED_EDGE('',*,*,#155,.T.);
#155 = EDGE_CURVE('',#148,#156,#158,.T.);
#156 = VERTEX_POINT('',#157);
#157 = CARTESIAN_POINT('',(32.,17.,9.2));
#158 = CIRCLE('',#159,7.);
#159 = AXIS2_PLACEMENT_3D('',#160,#161,#162);
#160 = CARTESIAN_POINT('',(32.,10.,9.2));
#161 = DIRECTION('',(0.,0.,1.));
#162 = DIRECTION('',(0.,-1.,0.));
#163 = ORIENTED_EDGE('',*,*,#164,.F.);
#164 = EDGE_CURVE('',#165,#156,#167,.T.);
#165 = VERTEX_POINT('',#166);
#166 = CARTESIAN_POINT('',(-32.,17.,9.2));
#167 = LINE('',#168,#169);
#168 = CARTESIAN_POINT('',(-39.,17.,9.2));
#169 = VECTOR('',#170,1.);
#170 = DIRECTION('',(1.,0.,-0.));
#171 = ORIENTED_EDGE('',*,*,#172,.F.);
#172 = EDGE_CURVE('',#40,#165,#173,.T.);
#173 = CIRCLE('',#174,7.);
#174 = AXIS2_PLACEMENT_3D('',#175,#176,#177);
#175 = CARTESIAN_POINT('',(-32.,10.,9.2));
#176 = DIRECTION('',(-0.,-0.,-1.));
#177 = DIRECTION('',(0.,-1.,0.));
#178 = ORIENTED_EDGE('',*,*,#47,.F.);
#179 = ORIENTED_EDGE('',*,*,#180,.T.);
#180 = EDGE_CURVE('',#48,#181,#183,.T.);
#181 = VERTEX_POINT('',#182);
#182 = CARTESIAN_POINT('',(-33.,5.53307290077,9.2));
#183 = LINE('',#184,#185);
#184 = CARTESIAN_POINT('',(-41.,5.53307290077,9.2));
#185 = VECTOR('',#186,1.);
#186 = DIRECTION('',(1.,0.,0.));
#187 = ORIENTED_EDGE('',*,*,#188,.F.);
#188 = EDGE_CURVE('',#189,#181,#191,.T.);
#189 = VERTEX_POINT('',#190);
#190 = CARTESIAN_POINT('',(-33.,-5.53307290077,9.2));
#191 = LINE('',#192,#193);
#192 = CARTESIAN_POINT('',(-33.,-8.5,9.2));
#193 = VECTOR('',#194,1.);
#194 = DIRECTION('',(0.,1.,0.));
#195 = ORIENTED_EDGE('',*,*,#196,.F.);
#196 = EDGE_CURVE('',#73,#189,#197,.T.);
#197 = LINE('',#198,#199);
#198 = CARTESIAN_POINT('',(-41.,-5.53307290077,9.2));
#199 = VECTOR('',#200,1.);
#200 = DIRECTION('',(1.,0.,0.));
#201 = FACE_BOUND('',#202,.T.);
#202 = EDGE_LOOP('',(#203));
#203 = ORIENTED_EDGE('',*,*,#204,.F.);
#204 = EDGE_CURVE('',#205,#205,#207,.T.);
#205 = VERTEX_POINT('',#206);
#206 = CARTESIAN_POINT('',(-33.9,-11.,9.2));
#207 = CIRCLE('',#208,1.1);
#208 = AXIS2_PLACEMENT_3D('',#209,#210,#211);
#209 = CARTESIAN_POINT('',(-35.,-11.,9.2));
#210 = DIRECTION('',(0.,0.,1.));
#211 = DIRECTION('',(1.,0.,-0.));
#212 = FACE_BOUND('',#213,.T.);
#213 = EDGE_LOOP('',(#214));
#214 = ORIENTED_EDGE('',*,*,#215,.F.);
#215 = EDGE_CURVE('',#216,#216,#218,.T.);
#216 = VERTEX_POINT('',#217);
#217 = CARTESIAN_POINT('',(36.1,-11.,9.2));
#218 = CIRCLE('',#219,1.1);
#219 = AXIS2_PLACEMENT_3D('',#220,#221,#222);
#220 = CARTESIAN_POINT('',(35.,-11.,9.2));
#221 = DIRECTION('',(0.,0.,1.));
#222 = DIRECTION('',(1.,0.,-0.));
#223 = FACE_BOUND('',#224,.T.);
#224 = EDGE_LOOP('',(#225,#236,#244,#253,#261,#270,#278,#287));
#225 = ORIENTED_EDGE('',*,*,#226,.F.);
#226 = EDGE_CURVE('',#227,#229,#231,.T.);
#227 = VERTEX_POINT('',#228);
#228 = CARTESIAN_POINT('',(-31.35,-12.35,9.2));
#229 = VERTEX_POINT('',#230);
#230 = CARTESIAN_POINT('',(-30.35,-13.35,9.2));
#231 = CIRCLE('',#232,1.);
#232 = AXIS2_PLACEMENT_3D('',#233,#234,#235);
#233 = CARTESIAN_POINT('',(-30.35,-12.35,9.2));
#234 = DIRECTION('',(0.,0.,1.));
#235 = DIRECTION('',(-1.,-0.,0.));
#236 = ORIENTED_EDGE('',*,*,#237,.T.);
#237 = EDGE_CURVE('',#227,#238,#240,.T.);
#238 = VERTEX_POINT('',#239);
#239 = CARTESIAN_POINT('',(-31.35,12.35,9.2));
#240 = LINE('',#241,#242);
#241 = CARTESIAN_POINT('',(-31.35,-15.175,9.2));
#242 = VECTOR('',#243,1.);
#243 = DIRECTION('',(-0.,1.,0.));
#244 = ORIENTED_EDGE('',*,*,#245,.F.);
#245 = EDGE_CURVE('',#246,#238,#248,.T.);
#246 = VERTEX_POINT('',#247);
#247 = CARTESIAN_POINT('',(-30.35,13.35,9.2));
#248 = CIRCLE('',#249,1.);
#249 = AXIS2_PLACEMENT_3D('',#250,#251,#252);
#250 = CARTESIAN_POINT('',(-30.35,12.35,9.2));
#251 = DIRECTION('',(0.,0.,1.));
#252 = DIRECTION('',(-1.,-0.,0.));
#253 = ORIENTED_EDGE('',*,*,#254,.F.);
#254 = EDGE_CURVE('',#255,#246,#257,.T.);
#255 = VERTEX_POINT('',#256);
#256 = CARTESIAN_POINT('',(30.35,13.35,9.2));
#257 = LINE('',#258,#259);
#258 = CARTESIAN_POINT('',(-35.175,13.35,9.2));
#259 = VECTOR('',#260,1.);
#260 = DIRECTION('',(-1.,-0.,0.));
#261 = ORIENTED_EDGE('',*,*,#262,.F.);
#262 = EDGE_CURVE('',#263,#255,#265,.T.);
#263 = VERTEX_POINT('',#264);
#264 = CARTESIAN_POINT('',(31.35,12.35,9.2));
#265 = CIRCLE('',#266,1.);
#266 = AXIS2_PLACEMENT_3D('',#267,#268,#269);
#267 = CARTESIAN_POINT('',(30.35,12.35,9.2));
#268 = DIRECTION('',(0.,0.,1.));
#269 = DIRECTION('',(1.,0.,-0.));
#270 = ORIENTED_EDGE('',*,*,#271,.F.);
#271 = EDGE_CURVE('',#272,#263,#274,.T.);
#272 = VERTEX_POINT('',#273);
#273 = CARTESIAN_POINT('',(31.35,-12.35,9.2));
#274 = LINE('',#275,#276);
#275 = CARTESIAN_POINT('',(31.35,-15.175,9.2));
#276 = VECTOR('',#277,1.);
#277 = DIRECTION('',(-0.,1.,0.));
#278 = ORIENTED_EDGE('',*,*,#279,.F.);
#279 = EDGE_CURVE('',#280,#272,#282,.T.);
#280 = VERTEX_POINT('',#281);
#281 = CARTESIAN_POINT('',(30.35,-13.35,9.2));
#282 = CIRCLE('',#283,1.);
#283 = AXIS2_PLACEMENT_3D('',#284,#285,#286);
#284 = CARTESIAN_POINT('',(30.35,-12.35,9.2));
#285 = DIRECTION('',(0.,0.,1.));
#286 = DIRECTION('',(1.,0.,-0.));
#287 = ORIENTED_EDGE('',*,*,#288,.T.);
#288 = EDGE_CURVE('',#280,#229,#289,.T.);
#289 = LINE('',#290,#291);
#290 = CARTESIAN_POINT('',(-35.175,-13.35,9.2));
#291 = VECTOR('',#292,1.);
#292 = DIRECTION('',(-1.,-0.,0.));
#293 = FACE_BOUND('',#294,.T.);
#294 = EDGE_LOOP('',(#295));
#295 = ORIENTED_EDGE('',*,*,#296,.F.);
#296 = EDGE_CURVE('',#297,#297,#299,.T.);
#297 = VERTEX_POINT('',#298);
#298 = CARTESIAN_POINT('',(-33.9,11.,9.2));
#299 = CIRCLE('',#300,1.1);
#300 = AXIS2_PLACEMENT_3D('',#301,#302,#303);
#301 = CARTESIAN_POINT('',(-35.,11.,9.2));
#302 = DIRECTION('',(0.,0.,1.));
#303 = DIRECTION('',(1.,0.,-0.));
#304 = FACE_BOUND('',#305,.T.);
#305 = EDGE_LOOP('',(#306));
#306 = ORIENTED_EDGE('',*,*,#307,.F.);
#307 = EDGE_CURVE('',#308,#308,#310,.T.);
#308 = VERTEX_POINT('',#309);
#309 = CARTESIAN_POINT('',(36.1,11.,9.2));
#310 = CIRCLE('',#311,1.1);
#311 = AXIS2_PLACEMENT_3D('',#312,#313,#314);
#312 = CARTESIAN_POINT('',(35.,11.,9.2));
#313 = DIRECTION('',(0.,0.,1.));
#314 = DIRECTION('',(1.,0.,-0.));
#315 = PLANE('',#316);
#316 = AXIS2_PLACEMENT_3D('',#317,#318,#319);
#317 = CARTESIAN_POINT('',(-39.,-17.,9.2));
#318 = DIRECTION('',(0.,0.,1.));
#319 = DIRECTION('',(1.,0.,-0.));
#320 = ADVANCED_FACE('',(#321),#340,.F.);
#321 = FACE_BOUND('',#322,.F.);
#322 = EDGE_LOOP('',(#323,#332,#333,#334));
#323 = ORIENTED_EDGE('',*,*,#324,.F.);
#324 = EDGE_CURVE('',#189,#325,#327,.T.);
#325 = VERTEX_POINT('',#326);
#326 = CARTESIAN_POINT('',(-33.,-3.4,7.9));
#327 = CIRCLE('',#328,2.4);
#328 = AXIS2_PLACEMENT_3D('',#329,#330,#331);
#329 = CARTESIAN_POINT('',(-33.,-3.4,10.3));
#330 = DIRECTION('',(1.,0.,0.));
#331 = DIRECTION('',(-0.,0.,1.));
#332 = ORIENTED_EDGE('',*,*,#196,.F.);
#333 = ORIENTED_EDGE('',*,*,#72,.T.);
#334 = ORIENTED_EDGE('',*,*,#335,.T.);
#335 = EDGE_CURVE('',#65,#325,#336,.T.);
#336 = LINE('',#337,#338);
#337 = CARTESIAN_POINT('',(-41.,-3.4,7.9));
#338 = VECTOR('',#339,1.);
#339 = DIRECTION('',(1.,0.,-0.));
#340 = CYLINDRICAL_SURFACE('',#341,2.4);
#341 = AXIS2_PLACEMENT_3D('',#342,#343,#344);
#342 = CARTESIAN_POINT('',(-41.,-3.4,10.3));
#343 = DIRECTION('',(1.,0.,0.));
#344 = DIRECTION('',(-0.,0.,1.));
#345 = ADVANCED_FACE('',(#346),#364,.T.);
#346 = FACE_BOUND('',#347,.T.);
#347 = EDGE_LOOP('',(#348,#349,#350,#358));
#348 = ORIENTED_EDGE('',*,*,#64,.T.);
#349 = ORIENTED_EDGE('',*,*,#335,.T.);
#350 = ORIENTED_EDGE('',*,*,#351,.T.);
#351 = EDGE_CURVE('',#325,#352,#354,.T.);
#352 = VERTEX_POINT('',#353);
#353 = CARTESIAN_POINT('',(-33.,3.4,7.9));
#354 = LINE('',#355,#356);
#355 = CARTESIAN_POINT('',(-33.,-3.4,7.9));
#356 = VECTOR('',#357,1.);
#357 = DIRECTION('',(-0.,1.,0.));
#358 = ORIENTED_EDGE('',*,*,#359,.F.);
#359 = EDGE_CURVE('',#56,#352,#360,.T.);
#360 = LINE('',#361,#362);
#361 = CARTESIAN_POINT('',(-41.,3.4,7.9));
#362 = VECTOR('',#363,1.);
#363 = DIRECTION('',(1.,0.,-0.));
#364 = PLANE('',#365);
#365 = AXIS2_PLACEMENT_3D('',#366,#367,#368);
#366 = CARTESIAN_POINT('',(-41.,-3.4,7.9));
#367 = DIRECTION('',(0.,0.,1.));
#368 = DIRECTION('',(1.,0.,-0.));
#369 = ADVANCED_FACE('',(#370),#382,.F.);
#370 = FACE_BOUND('',#371,.F.);
#371 = EDGE_LOOP('',(#372,#373,#374,#375));
#372 = ORIENTED_EDGE('',*,*,#359,.F.);
#373 = ORIENTED_EDGE('',*,*,#55,.T.);
#374 = ORIENTED_EDGE('',*,*,#180,.T.);
#375 = ORIENTED_EDGE('',*,*,#376,.F.);
#376 = EDGE_CURVE('',#352,#181,#377,.T.);
#377 = CIRCLE('',#378,2.4);
#378 = AXIS2_PLACEMENT_3D('',#379,#380,#381);
#379 = CARTESIAN_POINT('',(-33.,3.4,10.3));
#380 = DIRECTION('',(1.,0.,0.));
#381 = DIRECTION('',(-0.,0.,1.));
#382 = CYLINDRICAL_SURFACE('',#383,2.4);
#383 = AXIS2_PLACEMENT_3D('',#384,#385,#386);
#384 = CARTESIAN_POINT('',(-41.,3.4,10.3));
#385 = DIRECTION('',(1.,0.,0.));
#386 = DIRECTION('',(-0.,0.,1.));
#387 = ADVANCED_FACE('',(#388),#407,.T.);
#388 = FACE_BOUND('',#389,.F.);
#389 = EDGE_LOOP('',(#390,#391,#400,#406));
#390 = ORIENTED_EDGE('',*,*,#39,.F.);
#391 = ORIENTED_EDGE('',*,*,#392,.T.);
#392 = EDGE_CURVE('',#32,#393,#395,.T.);
#393 = VERTEX_POINT('',#394);
#394 = CARTESIAN_POINT('',(-32.,17.,1.2));
#395 = CIRCLE('',#396,7.);
#396 = AXIS2_PLACEMENT_3D('',#397,#398,#399);
#397 = CARTESIAN_POINT('',(-32.,10.,1.2));
#398 = DIRECTION('',(-0.,0.,-1.));
#399 = DIRECTION('',(-1.,0.,0.));
#400 = ORIENTED_EDGE('',*,*,#401,.T.);
#401 = EDGE_CURVE('',#393,#165,#402,.T.);
#402 = LINE('',#403,#404);
#403 = CARTESIAN_POINT('',(-32.,17.,0.));
#404 = VECTOR('',#405,1.);
#405 = DIRECTION('',(0.,0.,1.));
#406 = ORIENTED_EDGE('',*,*,#172,.F.);
#407 = CYLINDRICAL_SURFACE('',#408,7.);
#408 = AXIS2_PLACEMENT_3D('',#409,#410,#411);
#409 = CARTESIAN_POINT('',(-32.,10.,0.));
#410 = DIRECTION('',(0.,0.,1.));
#411 = DIRECTION('',(-1.,-0.,0.));
#412 = ADVANCED_FACE('',(#413),#440,.T.);
#413 = FACE_BOUND('',#414,.F.);
#414 = EDGE_LOOP('',(#415,#424,#432,#439));
#415 = ORIENTED_EDGE('',*,*,#416,.T.);
#416 = EDGE_CURVE('',#22,#417,#419,.T.);
#417 = VERTEX_POINT('',#418);
#418 = CARTESIAN_POINT('',(-37.8,-10.,-2.22044604925E-16));
#419 = CIRCLE('',#420,1.2);
#420 = AXIS2_PLACEMENT_3D('',#421,#422,#423);
#421 = CARTESIAN_POINT('',(-37.8,-10.,1.2));
#422 = DIRECTION('',(0.,-1.,-0.));
#423 = DIRECTION('',(-1.,-0.,0.));
#424 = ORIENTED_EDGE('',*,*,#425,.T.);
#425 = EDGE_CURVE('',#417,#426,#428,.T.);
#426 = VERTEX_POINT('',#427);
#427 = CARTESIAN_POINT('',(-37.8,10.,-2.22044604925E-16));
#428 = LINE('',#429,#430);
#429 = CARTESIAN_POINT('',(-37.8,-10.,-2.22044604925E-16));
#430 = VECTOR('',#431,1.);
#431 = DIRECTION('',(-0.,1.,0.));
#432 = ORIENTED_EDGE('',*,*,#433,.F.);
#433 = EDGE_CURVE('',#32,#426,#434,.T.);
#434 = CIRCLE('',#435,1.2);
#435 = AXIS2_PLACEMENT_3D('',#436,#437,#438);
#436 = CARTESIAN_POINT('',(-37.8,10.,1.2));
#437 = DIRECTION('',(0.,-1.,-0.));
#438 = DIRECTION('',(-1.,-0.,0.));
#439 = ORIENTED_EDGE('',*,*,#31,.F.);
#440 = CYLINDRICAL_SURFACE('',#441,1.2);
#441 = AXIS2_PLACEMENT_3D('',#442,#443,#444);
#442 = CARTESIAN_POINT('',(-37.8,-10.,1.2));
#443 = DIRECTION('',(-0.,1.,0.));
#444 = DIRECTION('',(-1.,-0.,0.));
#445 = ADVANCED_FACE('',(#446),#466,.T.);
#446 = FACE_BOUND('',#447,.T.);
#447 = EDGE_LOOP('',(#448,#457,#458,#459));
#448 = ORIENTED_EDGE('',*,*,#449,.F.);
#449 = EDGE_CURVE('',#97,#450,#452,.T.);
#450 = VERTEX_POINT('',#451);
#451 = CARTESIAN_POINT('',(-32.,-15.8,-2.22044604925E-16));
#452 = CIRCLE('',#453,1.2);
#453 = AXIS2_PLACEMENT_3D('',#454,#455,#456);
#454 = CARTESIAN_POINT('',(-32.,-15.8,1.2));
#455 = DIRECTION('',(1.,0.,0.));
#456 = DIRECTION('',(0.,-1.,0.));
#457 = ORIENTED_EDGE('',*,*,#96,.T.);
#458 = ORIENTED_EDGE('',*,*,#416,.T.);
#459 = ORIENTED_EDGE('',*,*,#460,.F.);
#460 = EDGE_CURVE('',#450,#417,#461,.T.);
#461 = CIRCLE('',#462,5.8);
#462 = AXIS2_PLACEMENT_3D('',#463,#464,#465);
#463 = CARTESIAN_POINT('',(-32.,-10.,0.));
#464 = DIRECTION('',(-0.,-0.,-1.));
#465 = DIRECTION('',(0.,-1.,0.));
#466 = TOROIDAL_SURFACE('',#467,5.8,1.2);
#467 = AXIS2_PLACEMENT_3D('',#468,#469,#470);
#468 = CARTESIAN_POINT('',(-32.,-10.,1.2));
#469 = DIRECTION('',(-0.,-0.,-1.));
#470 = DIRECTION('',(0.,-1.,0.));
#471 = ADVANCED_FACE('',(#472),#522,.F.);
#472 = FACE_BOUND('',#473,.F.);
#473 = EDGE_LOOP('',(#474,#482,#483,#484,#492,#500,#508,#516));
#474 = ORIENTED_EDGE('',*,*,#475,.T.);
#475 = EDGE_CURVE('',#476,#97,#478,.T.);
#476 = VERTEX_POINT('',#477);
#477 = CARTESIAN_POINT('',(-20.,-17.,1.2));
#478 = LINE('',#479,#480);
#479 = CARTESIAN_POINT('',(32.,-17.,1.2));
#480 = VECTOR('',#481,1.);
#481 = DIRECTION('',(-1.,-0.,0.));
#482 = ORIENTED_EDGE('',*,*,#105,.T.);
#483 = ORIENTED_EDGE('',*,*,#130,.T.);
#484 = ORIENTED_EDGE('',*,*,#485,.F.);
#485 = EDGE_CURVE('',#486,#131,#488,.T.);
#486 = VERTEX_POINT('',#487);
#487 = CARTESIAN_POINT('',(32.,-17.,1.2));
#488 = LINE('',#489,#490);
#489 = CARTESIAN_POINT('',(32.,-17.,0.));
#490 = VECTOR('',#491,1.);
#491 = DIRECTION('',(0.,0.,1.));
#492 = ORIENTED_EDGE('',*,*,#493,.T.);
#493 = EDGE_CURVE('',#486,#494,#496,.T.);
#494 = VERTEX_POINT('',#495);
#495 = CARTESIAN_POINT('',(20.,-17.,1.2));
#496 = LINE('',#497,#498);
#497 = CARTESIAN_POINT('',(32.,-17.,1.2));
#498 = VECTOR('',#499,1.);
#499 = DIRECTION('',(-1.,-0.,0.));
#500 = ORIENTED_EDGE('',*,*,#501,.F.);
#501 = EDGE_CURVE('',#502,#494,#504,.T.);
#502 = VERTEX_POINT('',#503);
#503 = CARTESIAN_POINT('',(20.,-17.,3.4));
#504 = LINE('',#505,#506);
#505 = CARTESIAN_POINT('',(20.,-17.,0.5));
#506 = VECTOR('',#507,1.);
#507 = DIRECTION('',(-0.,0.,-1.));
#508 = ORIENTED_EDGE('',*,*,#509,.F.);
#509 = EDGE_CURVE('',#510,#502,#512,.T.);
#510 = VERTEX_POINT('',#511);
#511 = CARTESIAN_POINT('',(-20.,-17.,3.4));
#512 = LINE('',#513,#514);
#513 = CARTESIAN_POINT('',(-29.5,-17.,3.4));
#514 = VECTOR('',#515,1.);
#515 = DIRECTION('',(1.,0.,-0.));
#516 = ORIENTED_EDGE('',*,*,#517,.T.);
#517 = EDGE_CURVE('',#510,#476,#518,.T.);
#518 = LINE('',#519,#520);
#519 = CARTESIAN_POINT('',(-20.,-17.,0.5));
#520 = VECTOR('',#521,1.);
#521 = DIRECTION('',(-0.,0.,-1.));
#522 = PLANE('',#523);
#523 = AXIS2_PLACEMENT_3D('',#524,#525,#526);
#524 = CARTESIAN_POINT('',(-39.,-17.,0.));
#525 = DIRECTION('',(-0.,1.,0.));
#526 = DIRECTION('',(0.,0.,1.));
#527 = ADVANCED_FACE('',(#528),#534,.F.);
#528 = FACE_BOUND('',#529,.F.);
#529 = EDGE_LOOP('',(#530,#531,#532,#533));
#530 = ORIENTED_EDGE('',*,*,#351,.T.);
#531 = ORIENTED_EDGE('',*,*,#376,.T.);
#532 = ORIENTED_EDGE('',*,*,#188,.F.);
#533 = ORIENTED_EDGE('',*,*,#324,.T.);
#534 = PLANE('',#535);
#535 = AXIS2_PLACEMENT_3D('',#536,#537,#538);
#536 = CARTESIAN_POINT('',(-33.,4.658078349862E-16,10.8));
#537 = DIRECTION('',(1.,0.,0.));
#538 = DIRECTION('',(-0.,0.,1.));
#539 = ADVANCED_FACE('',(#540),#590,.T.);
#540 = FACE_BOUND('',#541,.T.);
#541 = EDGE_LOOP('',(#542,#550,#551,#552,#560,#568,#576,#584));
#542 = ORIENTED_EDGE('',*,*,#543,.F.);
#543 = EDGE_CURVE('',#393,#544,#546,.T.);
#544 = VERTEX_POINT('',#545);
#545 = CARTESIAN_POINT('',(-20.,17.,1.2));
#546 = LINE('',#547,#548);
#547 = CARTESIAN_POINT('',(-32.,17.,1.2));
#548 = VECTOR('',#549,1.);
#549 = DIRECTION('',(1.,0.,-0.));
#550 = ORIENTED_EDGE('',*,*,#401,.T.);
#551 = ORIENTED_EDGE('',*,*,#164,.T.);
#552 = ORIENTED_EDGE('',*,*,#553,.F.);
#553 = EDGE_CURVE('',#554,#156,#556,.T.);
#554 = VERTEX_POINT('',#555);
#555 = CARTESIAN_POINT('',(32.,17.,1.2));
#556 = LINE('',#557,#558);
#557 = CARTESIAN_POINT('',(32.,17.,0.));
#558 = VECTOR('',#559,1.);
#559 = DIRECTION('',(0.,0.,1.));
#560 = ORIENTED_EDGE('',*,*,#561,.F.);
#561 = EDGE_CURVE('',#562,#554,#564,.T.);
#562 = VERTEX_POINT('',#563);
#563 = CARTESIAN_POINT('',(20.,17.,1.2));
#564 = LINE('',#565,#566);
#565 = CARTESIAN_POINT('',(-32.,17.,1.2));
#566 = VECTOR('',#567,1.);
#567 = DIRECTION('',(1.,0.,-0.));
#568 = ORIENTED_EDGE('',*,*,#569,.F.);
#569 = EDGE_CURVE('',#570,#562,#572,.T.);
#570 = VERTEX_POINT('',#571);
#571 = CARTESIAN_POINT('',(20.,17.,3.4));
#572 = LINE('',#573,#574);
#573 = CARTESIAN_POINT('',(20.,17.,0.5));
#574 = VECTOR('',#575,1.);
#575 = DIRECTION('',(-0.,0.,-1.));
#576 = ORIENTED_EDGE('',*,*,#577,.F.);
#577 = EDGE_CURVE('',#578,#570,#580,.T.);
#578 = VERTEX_POINT('',#579);
#579 = CARTESIAN_POINT('',(-20.,17.,3.4));
#580 = LINE('',#581,#582);
#581 = CARTESIAN_POINT('',(-29.5,17.,3.4));
#582 = VECTOR('',#583,1.);
#583 = DIRECTION('',(1.,0.,-0.));
#584 = ORIENTED_EDGE('',*,*,#585,.T.);
#585 = EDGE_CURVE('',#578,#544,#586,.T.);
#586 = LINE('',#587,#588);
#587 = CARTESIAN_POINT('',(-20.,17.,0.5));
#588 = VECTOR('',#589,1.);
#589 = DIRECTION('',(-0.,0.,-1.));
#590 = PLANE('',#591);
#591 = AXIS2_PLACEMENT_3D('',#592,#593,#594);
#592 = CARTESIAN_POINT('',(-39.,17.,0.));
#593 = DIRECTION('',(-0.,1.,0.));
#594 = DIRECTION('',(0.,0.,1.));
#595 = ADVANCED_FACE('',(#596),#615,.T.);
#596 = FACE_BOUND('',#597,.T.);
#597 = EDGE_LOOP('',(#598,#606,#613,#614));
#598 = ORIENTED_EDGE('',*,*,#599,.F.);
#599 = EDGE_CURVE('',#600,#148,#602,.T.);
#600 = VERTEX_POINT('',#601);
#601 = CARTESIAN_POINT('',(39.,10.,1.2));
#602 = LINE('',#603,#604);
#603 = CARTESIAN_POINT('',(39.,10.,0.));
#604 = VECTOR('',#605,1.);
#605 = DIRECTION('',(0.,0.,1.));
#606 = ORIENTED_EDGE('',*,*,#607,.F.);
#607 = EDGE_CURVE('',#554,#600,#608,.T.);
#608 = CIRCLE('',#609,7.);
#609 = AXIS2_PLACEMENT_3D('',#610,#611,#612);
#610 = CARTESIAN_POINT('',(32.,10.,1.2));
#611 = DIRECTION('',(0.,-0.,-1.));
#612 = DIRECTION('',(0.,1.,-0.));
#613 = ORIENTED_EDGE('',*,*,#553,.T.);
#614 = ORIENTED_EDGE('',*,*,#155,.F.);
#615 = CYLINDRICAL_SURFACE('',#616,7.);
#616 = AXIS2_PLACEMENT_3D('',#617,#618,#619);
#617 = CARTESIAN_POINT('',(32.,10.,0.));
#618 = DIRECTION('',(0.,0.,1.));
#619 = DIRECTION('',(1.,0.,-0.));
#620 = ADVANCED_FACE('',(#621),#639,.T.);
#621 = FACE_BOUND('',#622,.T.);
#622 = EDGE_LOOP('',(#623,#631,#637,#638));
#623 = ORIENTED_EDGE('',*,*,#624,.F.);
#624 = EDGE_CURVE('',#625,#139,#627,.T.);
#625 = VERTEX_POINT('',#626);
#626 = CARTESIAN_POINT('',(39.,-10.,1.2));
#627 = LINE('',#628,#629);
#628 = CARTESIAN_POINT('',(39.,-10.,0.));
#629 = VECTOR('',#630,1.);
#630 = DIRECTION('',(0.,0.,1.));
#631 = ORIENTED_EDGE('',*,*,#632,.F.);
#632 = EDGE_CURVE('',#600,#625,#633,.T.);
#633 = LINE('',#634,#635);
#634 = CARTESIAN_POINT('',(39.,10.,1.2));
#635 = VECTOR('',#636,1.);
#636 = DIRECTION('',(0.,-1.,-0.));
#637 = ORIENTED_EDGE('',*,*,#599,.T.);
#638 = ORIENTED_EDGE('',*,*,#147,.F.);
#639 = PLANE('',#640);
#640 = AXIS2_PLACEMENT_3D('',#641,#642,#643);
#641 = CARTESIAN_POINT('',(39.,-17.,0.));
#642 = DIRECTION('',(1.,0.,-0.));
#643 = DIRECTION('',(0.,0.,1.));
#644 = ADVANCED_FACE('',(#645),#657,.T.);
#645 = FACE_BOUND('',#646,.F.);
#646 = EDGE_LOOP('',(#647,#648,#655,#656));
#647 = ORIENTED_EDGE('',*,*,#624,.F.);
#648 = ORIENTED_EDGE('',*,*,#649,.T.);
#649 = EDGE_CURVE('',#625,#486,#650,.T.);
#650 = CIRCLE('',#651,7.);
#651 = AXIS2_PLACEMENT_3D('',#652,#653,#654);
#652 = CARTESIAN_POINT('',(32.,-10.,1.2));
#653 = DIRECTION('',(0.,-0.,-1.));
#654 = DIRECTION('',(1.,0.,-0.));
#655 = ORIENTED_EDGE('',*,*,#485,.T.);
#656 = ORIENTED_EDGE('',*,*,#138,.F.);
#657 = CYLINDRICAL_SURFACE('',#658,7.);
#658 = AXIS2_PLACEMENT_3D('',#659,#660,#661);
#659 = CARTESIAN_POINT('',(32.,-10.,0.));
#660 = DIRECTION('',(0.,0.,1.));
#661 = DIRECTION('',(1.,0.,-0.));
#662 = ADVANCED_FACE('',(#663),#682,.F.);
#663 = FACE_BOUND('',#664,.F.);
#664 = EDGE_LOOP('',(#665,#673,#674,#675));
#665 = ORIENTED_EDGE('',*,*,#666,.T.);
#666 = EDGE_CURVE('',#667,#205,#669,.T.);
#667 = VERTEX_POINT('',#668);
#668 = CARTESIAN_POINT('',(-33.9,-11.,1.6));
#669 = LINE('',#670,#671);
#670 = CARTESIAN_POINT('',(-33.9,-11.,-1.));
#671 = VECTOR('',#672,1.);
#672 = DIRECTION('',(0.,0.,1.));
#673 = ORIENTED_EDGE('',*,*,#204,.F.);
#674 = ORIENTED_EDGE('',*,*,#666,.F.);
#675 = ORIENTED_EDGE('',*,*,#676,.T.);
#676 = EDGE_CURVE('',#667,#667,#677,.T.);
#677 = CIRCLE('',#678,1.1);
#678 = AXIS2_PLACEMENT_3D('',#679,#680,#681);
#679 = CARTESIAN_POINT('',(-35.,-11.,1.6));
#680 = DIRECTION('',(0.,0.,1.));
#681 = DIRECTION('',(1.,0.,-0.));
#682 = CYLINDRICAL_SURFACE('',#683,1.1);
#683 = AXIS2_PLACEMENT_3D('',#684,#685,#686);
#684 = CARTESIAN_POINT('',(-35.,-11.,-1.));
#685 = DIRECTION('',(0.,0.,1.));
#686 = DIRECTION('',(1.,0.,-0.));
#687 = ADVANCED_FACE('',(#688),#707,.F.);
#688 = FACE_BOUND('',#689,.F.);
#689 = EDGE_LOOP('',(#690,#698,#699,#700));
#690 = ORIENTED_EDGE('',*,*,#691,.T.);
#691 = EDGE_CURVE('',#692,#216,#694,.T.);
#692 = VERTEX_POINT('',#693);
#693 = CARTESIAN_POINT('',(36.1,-11.,1.6));
#694 = LINE('',#695,#696);
#695 = CARTESIAN_POINT('',(36.1,-11.,-1.));
#696 = VECTOR('',#697,1.);
#697 = DIRECTION('',(0.,0.,1.));
#698 = ORIENTED_EDGE('',*,*,#215,.F.);
#699 = ORIENTED_EDGE('',*,*,#691,.F.);
#700 = ORIENTED_EDGE('',*,*,#701,.T.);
#701 = EDGE_CURVE('',#692,#692,#702,.T.);
#702 = CIRCLE('',#703,1.1);
#703 = AXIS2_PLACEMENT_3D('',#704,#705,#706);
#704 = CARTESIAN_POINT('',(35.,-11.,1.6));
#705 = DIRECTION('',(0.,0.,1.));
#706 = DIRECTION('',(1.,0.,-0.));
#707 = CYLINDRICAL_SURFACE('',#708,1.1);
#708 = AXIS2_PLACEMENT_3D('',#709,#710,#711);
#709 = CARTESIAN_POINT('',(35.,-11.,-1.));
#710 = DIRECTION('',(0.,0.,1.));
#711 = DIRECTION('',(1.,0.,-0.));
#712 = ADVANCED_FACE('',(#713),#739,.F.);
#713 = FACE_BOUND('',#714,.F.);
#714 = EDGE_LOOP('',(#715,#723,#732,#738));
#715 = ORIENTED_EDGE('',*,*,#716,.F.);
#716 = EDGE_CURVE('',#717,#227,#719,.T.);
#717 = VERTEX_POINT('',#718);
#718 = CARTESIAN_POINT('',(-31.35,-12.35,8.));
#719 = LINE('',#720,#721);
#720 = CARTESIAN_POINT('',(-31.35,-12.35,8.));
#721 = VECTOR('',#722,1.);
#722 = DIRECTION('',(0.,0.,1.));
#723 = ORIENTED_EDGE('',*,*,#724,.T.);
#724 = EDGE_CURVE('',#717,#725,#727,.T.);
#725 = VERTEX_POINT('',#726);
#726 = CARTESIAN_POINT('',(-30.35,-13.35,8.));
#727 = CIRCLE('',#728,1.);
#728 = AXIS2_PLACEMENT_3D('',#729,#730,#731);
#729 = CARTESIAN_POINT('',(-30.35,-12.35,8.));
#730 = DIRECTION('',(0.,0.,1.));
#731 = DIRECTION('',(0.,-1.,0.));
#732 = ORIENTED_EDGE('',*,*,#733,.T.);
#733 = EDGE_CURVE('',#725,#229,#734,.T.);
#734 = LINE('',#735,#736);
#735 = CARTESIAN_POINT('',(-30.35,-13.35,8.));
#736 = VECTOR('',#737,1.);
#737 = DIRECTION('',(0.,0.,1.));
#738 = ORIENTED_EDGE('',*,*,#226,.F.);
#739 = CYLINDRICAL_SURFACE('',#740,1.);
#740 = AXIS2_PLACEMENT_3D('',#741,#742,#743);
#741 = CARTESIAN_POINT('',(-30.35,-12.35,8.));
#742 = DIRECTION('',(0.,0.,1.));
#743 = DIRECTION('',(-1.,-0.,0.));
#744 = ADVANCED_FACE('',(#745),#795,.T.);
#745 = FACE_BOUND('',#746,.T.);
#746 = EDGE_LOOP('',(#747,#748,#749,#757,#765,#773,#781,#789));
#747 = ORIENTED_EDGE('',*,*,#237,.F.);
#748 = ORIENTED_EDGE('',*,*,#716,.F.);
#749 = ORIENTED_EDGE('',*,*,#750,.T.);
#750 = EDGE_CURVE('',#717,#751,#753,.T.);
#751 = VERTEX_POINT('',#752);
#752 = CARTESIAN_POINT('',(-31.35,-11.35,8.));
#753 = LINE('',#754,#755);
#754 = CARTESIAN_POINT('',(-31.35,-13.35,8.));
#755 = VECTOR('',#756,1.);
#756 = DIRECTION('',(-0.,1.,0.));
#757 = ORIENTED_EDGE('',*,*,#758,.T.);
#758 = EDGE_CURVE('',#751,#759,#761,.T.);
#759 = VERTEX_POINT('',#760);
#760 = CARTESIAN_POINT('',(-31.35,-11.35,8.01));
#761 = LINE('',#762,#763);
#762 = CARTESIAN_POINT('',(-31.35,-11.35,4.6));
#763 = VECTOR('',#764,1.);
#764 = DIRECTION('',(0.,0.,1.));
#765 = ORIENTED_EDGE('',*,*,#766,.T.);
#766 = EDGE_CURVE('',#759,#767,#769,.T.);
#767 = VERTEX_POINT('',#768);
#768 = CARTESIAN_POINT('',(-31.35,11.35,8.01));
#769 = LINE('',#770,#771);
#770 = CARTESIAN_POINT('',(-31.35,-12.35,8.01));
#771 = VECTOR('',#772,1.);
#772 = DIRECTION('',(-0.,1.,0.));
#773 = ORIENTED_EDGE('',*,*,#774,.F.);
#774 = EDGE_CURVE('',#775,#767,#777,.T.);
#775 = VERTEX_POINT('',#776);
#776 = CARTESIAN_POINT('',(-31.35,11.35,8.));
#777 = LINE('',#778,#779);
#778 = CARTESIAN_POINT('',(-31.35,11.35,4.6));
#779 = VECTOR('',#780,1.);
#780 = DIRECTION('',(0.,0.,1.));
#781 = ORIENTED_EDGE('',*,*,#782,.T.);
#782 = EDGE_CURVE('',#775,#783,#785,.T.);
#783 = VERTEX_POINT('',#784);
#784 = CARTESIAN_POINT('',(-31.35,12.35,8.));
#785 = LINE('',#786,#787);
#786 = CARTESIAN_POINT('',(-31.35,-13.35,8.));
#787 = VECTOR('',#788,1.);
#788 = DIRECTION('',(-0.,1.,0.));
#789 = ORIENTED_EDGE('',*,*,#790,.T.);
#790 = EDGE_CURVE('',#783,#238,#791,.T.);
#791 = LINE('',#792,#793);
#792 = CARTESIAN_POINT('',(-31.35,12.35,8.));
#793 = VECTOR('',#794,1.);
#794 = DIRECTION('',(0.,0.,1.));
#795 = PLANE('',#796);
#796 = AXIS2_PLACEMENT_3D('',#797,#798,#799);
#797 = CARTESIAN_POINT('',(-31.35,-13.35,8.));
#798 = DIRECTION('',(1.,0.,-0.));
#799 = DIRECTION('',(0.,0.,1.));
#800 = ADVANCED_FACE('',(#801),#819,.T.);
#801 = FACE_BOUND('',#802,.T.);
#802 = EDGE_LOOP('',(#803,#811,#812,#813));
#803 = ORIENTED_EDGE('',*,*,#804,.F.);
#804 = EDGE_CURVE('',#725,#805,#807,.T.);
#805 = VERTEX_POINT('',#806);
#806 = CARTESIAN_POINT('',(30.35,-13.35,8.));
#807 = LINE('',#808,#809);
#808 = CARTESIAN_POINT('',(-31.35,-13.35,8.));
#809 = VECTOR('',#810,1.);
#810 = DIRECTION('',(1.,0.,-0.));
#811 = ORIENTED_EDGE('',*,*,#733,.T.);
#812 = ORIENTED_EDGE('',*,*,#288,.F.);
#813 = ORIENTED_EDGE('',*,*,#814,.F.);
#814 = EDGE_CURVE('',#805,#280,#815,.T.);
#815 = LINE('',#816,#817);
#816 = CARTESIAN_POINT('',(30.35,-13.35,8.));
#817 = VECTOR('',#818,1.);
#818 = DIRECTION('',(0.,0.,1.));
#819 = PLANE('',#820);
#820 = AXIS2_PLACEMENT_3D('',#821,#822,#823);
#821 = CARTESIAN_POINT('',(-31.35,-13.35,8.));
#822 = DIRECTION('',(-0.,1.,0.));
#823 = DIRECTION('',(0.,0.,1.));
#824 = ADVANCED_FACE('',(#825),#844,.F.);
#825 = FACE_BOUND('',#826,.T.);
#826 = EDGE_LOOP('',(#827,#828,#837,#843));
#827 = ORIENTED_EDGE('',*,*,#790,.F.);
#828 = ORIENTED_EDGE('',*,*,#829,.T.);
#829 = EDGE_CURVE('',#783,#830,#832,.T.);
#830 = VERTEX_POINT('',#831);
#831 = CARTESIAN_POINT('',(-30.35,13.35,8.));
#832 = CIRCLE('',#833,1.);
#833 = AXIS2_PLACEMENT_3D('',#834,#835,#836);
#834 = CARTESIAN_POINT('',(-30.35,12.35,8.));
#835 = DIRECTION('',(-0.,-0.,-1.));
#836 = DIRECTION('',(0.,-1.,0.));
#837 = ORIENTED_EDGE('',*,*,#838,.T.);
#838 = EDGE_CURVE('',#830,#246,#839,.T.);
#839 = LINE('',#840,#841);
#840 = CARTESIAN_POINT('',(-30.35,13.35,8.));
#841 = VECTOR('',#842,1.);
#842 = DIRECTION('',(0.,0.,1.));
#843 = ORIENTED_EDGE('',*,*,#245,.T.);
#844 = CYLINDRICAL_SURFACE('',#845,1.);
#845 = AXIS2_PLACEMENT_3D('',#846,#847,#848);
#846 = CARTESIAN_POINT('',(-30.35,12.35,8.));
#847 = DIRECTION('',(0.,0.,1.));
#848 = DIRECTION('',(-1.,-0.,0.));
#849 = ADVANCED_FACE('',(#850),#869,.F.);
#850 = FACE_BOUND('',#851,.T.);
#851 = EDGE_LOOP('',(#852,#860,#867,#868));
#852 = ORIENTED_EDGE('',*,*,#853,.F.);
#853 = EDGE_CURVE('',#854,#272,#856,.T.);
#854 = VERTEX_POINT('',#855);
#855 = CARTESIAN_POINT('',(31.35,-12.35,8.));
#856 = LINE('',#857,#858);
#857 = CARTESIAN_POINT('',(31.35,-12.35,8.));
#858 = VECTOR('',#859,1.);
#859 = DIRECTION('',(0.,0.,1.));
#860 = ORIENTED_EDGE('',*,*,#861,.T.);
#861 = EDGE_CURVE('',#854,#805,#862,.T.);
#862 = CIRCLE('',#863,1.);
#863 = AXIS2_PLACEMENT_3D('',#864,#865,#866);
#864 = CARTESIAN_POINT('',(30.35,-12.35,8.));
#865 = DIRECTION('',(-0.,-0.,-1.));
#866 = DIRECTION('',(0.,-1.,0.));
#867 = ORIENTED_EDGE('',*,*,#814,.T.);
#868 = ORIENTED_EDGE('',*,*,#279,.T.);
#869 = CYLINDRICAL_SURFACE('',#870,1.);
#870 = AXIS2_PLACEMENT_3D('',#871,#872,#873);
#871 = CARTESIAN_POINT('',(30.35,-12.35,8.));
#872 = DIRECTION('',(0.,0.,1.));
#873 = DIRECTION('',(1.,0.,-0.));
#874 = ADVANCED_FACE('',(#875),#893,.F.);
#875 = FACE_BOUND('',#876,.F.);
#876 = EDGE_LOOP('',(#877,#885,#886,#887));
#877 = ORIENTED_EDGE('',*,*,#878,.F.);
#878 = EDGE_CURVE('',#830,#879,#881,.T.);
#879 = VERTEX_POINT('',#880);
#880 = CARTESIAN_POINT('',(30.35,13.35,8.));
#881 = LINE('',#882,#883);
#882 = CARTESIAN_POINT('',(-31.35,13.35,8.));
#883 = VECTOR('',#884,1.);
#884 = DIRECTION('',(1.,0.,-0.));
#885 = ORIENTED_EDGE('',*,*,#838,.T.);
#886 = ORIENTED_EDGE('',*,*,#254,.F.);
#887 = ORIENTED_EDGE('',*,*,#888,.F.);
#888 = EDGE_CURVE('',#879,#255,#889,.T.);
#889 = LINE('',#890,#891);
#890 = CARTESIAN_POINT('',(30.35,13.35,8.));
#891 = VECTOR('',#892,1.);
#892 = DIRECTION('',(0.,0.,1.));
#893 = PLANE('',#894);
#894 = AXIS2_PLACEMENT_3D('',#895,#896,#897);
#895 = CARTESIAN_POINT('',(-31.35,13.35,8.));
#896 = DIRECTION('',(-0.,1.,0.));
#897 = DIRECTION('',(0.,0.,1.));
#898 = ADVANCED_FACE('',(#899),#949,.F.);
#899 = FACE_BOUND('',#900,.F.);
#900 = EDGE_LOOP('',(#901,#902,#903,#911,#919,#927,#935,#943));
#901 = ORIENTED_EDGE('',*,*,#271,.F.);
#902 = ORIENTED_EDGE('',*,*,#853,.F.);
#903 = ORIENTED_EDGE('',*,*,#904,.T.);
#904 = EDGE_CURVE('',#854,#905,#907,.T.);
#905 = VERTEX_POINT('',#906);
#906 = CARTESIAN_POINT('',(31.35,-11.35,8.));
#907 = LINE('',#908,#909);
#908 = CARTESIAN_POINT('',(31.35,-13.35,8.));
#909 = VECTOR('',#910,1.);
#910 = DIRECTION('',(-0.,1.,0.));
#911 = ORIENTED_EDGE('',*,*,#912,.T.);
#912 = EDGE_CURVE('',#905,#913,#915,.T.);
#913 = VERTEX_POINT('',#914);
#914 = CARTESIAN_POINT('',(31.35,-11.35,8.01));
#915 = LINE('',#916,#917);
#916 = CARTESIAN_POINT('',(31.35,-11.35,4.6));
#917 = VECTOR('',#918,1.);
#918 = DIRECTION('',(0.,0.,1.));
#919 = ORIENTED_EDGE('',*,*,#920,.T.);
#920 = EDGE_CURVE('',#913,#921,#923,.T.);
#921 = VERTEX_POINT('',#922);
#922 = CARTESIAN_POINT('',(31.35,11.35,8.01));
#923 = LINE('',#924,#925);
#924 = CARTESIAN_POINT('',(31.35,-12.35,8.01));
#925 = VECTOR('',#926,1.);
#926 = DIRECTION('',(-0.,1.,0.));
#927 = ORIENTED_EDGE('',*,*,#928,.F.);
#928 = EDGE_CURVE('',#929,#921,#931,.T.);
#929 = VERTEX_POINT('',#930);
#930 = CARTESIAN_POINT('',(31.35,11.35,8.));
#931 = LINE('',#932,#933);
#932 = CARTESIAN_POINT('',(31.35,11.35,4.6));
#933 = VECTOR('',#934,1.);
#934 = DIRECTION('',(0.,0.,1.));
#935 = ORIENTED_EDGE('',*,*,#936,.T.);
#936 = EDGE_CURVE('',#929,#937,#939,.T.);
#937 = VERTEX_POINT('',#938);
#938 = CARTESIAN_POINT('',(31.35,12.35,8.));
#939 = LINE('',#940,#941);
#940 = CARTESIAN_POINT('',(31.35,-13.35,8.));
#941 = VECTOR('',#942,1.);
#942 = DIRECTION('',(-0.,1.,0.));
#943 = ORIENTED_EDGE('',*,*,#944,.T.);
#944 = EDGE_CURVE('',#937,#263,#945,.T.);
#945 = LINE('',#946,#947);
#946 = CARTESIAN_POINT('',(31.35,12.35,8.));
#947 = VECTOR('',#948,1.);
#948 = DIRECTION('',(0.,0.,1.));
#949 = PLANE('',#950);
#950 = AXIS2_PLACEMENT_3D('',#951,#952,#953);
#951 = CARTESIAN_POINT('',(31.35,-13.35,8.));
#952 = DIRECTION('',(1.,0.,-0.));
#953 = DIRECTION('',(0.,0.,1.));
#954 = ADVANCED_FACE('',(#955),#967,.F.);
#955 = FACE_BOUND('',#956,.F.);
#956 = EDGE_LOOP('',(#957,#958,#965,#966));
#957 = ORIENTED_EDGE('',*,*,#944,.F.);
#958 = ORIENTED_EDGE('',*,*,#959,.T.);
#959 = EDGE_CURVE('',#937,#879,#960,.T.);
#960 = CIRCLE('',#961,1.);
#961 = AXIS2_PLACEMENT_3D('',#962,#963,#964);
#962 = CARTESIAN_POINT('',(30.35,12.35,8.));
#963 = DIRECTION('',(0.,0.,1.));
#964 = DIRECTION('',(0.,-1.,0.));
#965 = ORIENTED_EDGE('',*,*,#888,.T.);
#966 = ORIENTED_EDGE('',*,*,#262,.F.);
#967 = CYLINDRICAL_SURFACE('',#968,1.);
#968 = AXIS2_PLACEMENT_3D('',#969,#970,#971);
#969 = CARTESIAN_POINT('',(30.35,12.35,8.));
#970 = DIRECTION('',(0.,0.,1.));
#971 = DIRECTION('',(1.,0.,-0.));
#972 = ADVANCED_FACE('',(#973),#992,.F.);
#973 = FACE_BOUND('',#974,.F.);
#974 = EDGE_LOOP('',(#975,#983,#984,#985));
#975 = ORIENTED_EDGE('',*,*,#976,.T.);
#976 = EDGE_CURVE('',#977,#297,#979,.T.);
#977 = VERTEX_POINT('',#978);
#978 = CARTESIAN_POINT('',(-33.9,11.,1.6));
#979 = LINE('',#980,#981);
#980 = CARTESIAN_POINT('',(-33.9,11.,-1.));
#981 = VECTOR('',#982,1.);
#982 = DIRECTION('',(0.,0.,1.));
#983 = ORIENTED_EDGE('',*,*,#296,.F.);
#984 = ORIENTED_EDGE('',*,*,#976,.F.);
#985 = ORIENTED_EDGE('',*,*,#986,.T.);
#986 = EDGE_CURVE('',#977,#977,#987,.T.);
#987 = CIRCLE('',#988,1.1);
#988 = AXIS2_PLACEMENT_3D('',#989,#990,#991);
#989 = CARTESIAN_POINT('',(-35.,11.,1.6));
#990 = DIRECTION('',(0.,0.,1.));
#991 = DIRECTION('',(1.,0.,-0.));
#992 = CYLINDRICAL_SURFACE('',#993,1.1);
#993 = AXIS2_PLACEMENT_3D('',#994,#995,#996);
#994 = CARTESIAN_POINT('',(-35.,11.,-1.));
#995 = DIRECTION('',(0.,0.,1.));
#996 = DIRECTION('',(1.,0.,-0.));
#997 = ADVANCED_FACE('',(#998),#1017,.F.);
#998 = FACE_BOUND('',#999,.F.);
#999 = EDGE_LOOP('',(#1000,#1008,#1009,#1010));
#1000 = ORIENTED_EDGE('',*,*,#1001,.T.);
#1001 = EDGE_CURVE('',#1002,#308,#1004,.T.);
#1002 = VERTEX_POINT('',#1003);
#1003 = CARTESIAN_POINT('',(36.1,11.,1.6));
#1004 = LINE('',#1005,#1006);
#1005 = CARTESIAN_POINT('',(36.1,11.,-1.));
#1006 = VECTOR('',#1007,1.);
#1007 = DIRECTION('',(0.,0.,1.));
#1008 = ORIENTED_EDGE('',*,*,#307,.F.);
#1009 = ORIENTED_EDGE('',*,*,#1001,.F.);
#1010 = ORIENTED_EDGE('',*,*,#1011,.T.);
#1011 = EDGE_CURVE('',#1002,#1002,#1012,.T.);
#1012 = CIRCLE('',#1013,1.1);
#1013 = AXIS2_PLACEMENT_3D('',#1014,#1015,#1016);
#1014 = CARTESIAN_POINT('',(35.,11.,1.6));
#1015 = DIRECTION('',(0.,0.,1.));
#1016 = DIRECTION('',(1.,0.,-0.));
#1017 = CYLINDRICAL_SURFACE('',#1018,1.1);
#1018 = AXIS2_PLACEMENT_3D('',#1019,#1020,#1021);
#1019 = CARTESIAN_POINT('',(35.,11.,-1.));
#1020 = DIRECTION('',(0.,0.,1.));
#1021 = DIRECTION('',(1.,0.,-0.));
#1022 = ADVANCED_FACE('',(#1023),#1043,.T.);
#1023 = FACE_BOUND('',#1024,.T.);
#1024 = EDGE_LOOP('',(#1025,#1026,#1027,#1036));
#1025 = ORIENTED_EDGE('',*,*,#433,.F.);
#1026 = ORIENTED_EDGE('',*,*,#392,.T.);
#1027 = ORIENTED_EDGE('',*,*,#1028,.T.);
#1028 = EDGE_CURVE('',#393,#1029,#1031,.T.);
#1029 = VERTEX_POINT('',#1030);
#1030 = CARTESIAN_POINT('',(-32.,15.8,0.));
#1031 = CIRCLE('',#1032,1.2);
#1032 = AXIS2_PLACEMENT_3D('',#1033,#1034,#1035);
#1033 = CARTESIAN_POINT('',(-32.,15.8,1.2));
#1034 = DIRECTION('',(-1.,-6.123233995737E-17,0.));
#1035 = DIRECTION('',(-6.123233995737E-17,1.,0.));
#1036 = ORIENTED_EDGE('',*,*,#1037,.F.);
#1037 = EDGE_CURVE('',#426,#1029,#1038,.T.);
#1038 = CIRCLE('',#1039,5.8);
#1039 = AXIS2_PLACEMENT_3D('',#1040,#1041,#1042);
#1040 = CARTESIAN_POINT('',(-32.,10.,0.));
#1041 = DIRECTION('',(-0.,0.,-1.));
#1042 = DIRECTION('',(-1.,0.,0.));
#1043 = TOROIDAL_SURFACE('',#1044,5.8,1.2);
#1044 = AXIS2_PLACEMENT_3D('',#1045,#1046,#1047);
#1045 = CARTESIAN_POINT('',(-32.,10.,1.2));
#1046 = DIRECTION('',(-0.,-0.,-1.));
#1047 = DIRECTION('',(-1.,0.,0.));
#1048 = ADVANCED_FACE('',(#1049,#1094,#1105,#1116,#1127),#1138,.F.);
#1049 = FACE_BOUND('',#1050,.F.);
#1050 = EDGE_LOOP('',(#1051,#1052,#1053,#1061,#1070,#1078,#1087,#1093));
#1051 = ORIENTED_EDGE('',*,*,#425,.F.);
#1052 = ORIENTED_EDGE('',*,*,#460,.F.);
#1053 = ORIENTED_EDGE('',*,*,#1054,.F.);
#1054 = EDGE_CURVE('',#1055,#450,#1057,.T.);
#1055 = VERTEX_POINT('',#1056);
#1056 = CARTESIAN_POINT('',(32.,-15.8,0.));
#1057 = LINE('',#1058,#1059);
#1058 = CARTESIAN_POINT('',(32.,-15.8,-2.22044604925E-16));
#1059 = VECTOR('',#1060,1.);
#1060 = DIRECTION('',(-1.,-0.,0.));
#1061 = ORIENTED_EDGE('',*,*,#1062,.F.);
#1062 = EDGE_CURVE('',#1063,#1055,#1065,.T.);
#1063 = VERTEX_POINT('',#1064);
#1064 = CARTESIAN_POINT('',(37.8,-10.,-2.22044604925E-16));
#1065 = CIRCLE('',#1066,5.8);
#1066 = AXIS2_PLACEMENT_3D('',#1067,#1068,#1069);
#1067 = CARTESIAN_POINT('',(32.,-10.,0.));
#1068 = DIRECTION('',(0.,-0.,-1.));
#1069 = DIRECTION('',(1.,0.,-0.));
#1070 = ORIENTED_EDGE('',*,*,#1071,.F.);
#1071 = EDGE_CURVE('',#1072,#1063,#1074,.T.);
#1072 = VERTEX_POINT('',#1073);
#1073 = CARTESIAN_POINT('',(37.8,10.,0.));
#1074 = LINE('',#1075,#1076);
#1075 = CARTESIAN_POINT('',(37.8,10.,-2.22044604925E-16));
#1076 = VECTOR('',#1077,1.);
#1077 = DIRECTION('',(0.,-1.,-0.));
#1078 = ORIENTED_EDGE('',*,*,#1079,.F.);
#1079 = EDGE_CURVE('',#1080,#1072,#1082,.T.);
#1080 = VERTEX_POINT('',#1081);
#1081 = CARTESIAN_POINT('',(32.,15.8,-2.22044604925E-16));
#1082 = CIRCLE('',#1083,5.8);
#1083 = AXIS2_PLACEMENT_3D('',#1084,#1085,#1086);
#1084 = CARTESIAN_POINT('',(32.,10.,0.));
#1085 = DIRECTION('',(0.,-0.,-1.));
#1086 = DIRECTION('',(0.,1.,-0.));
#1087 = ORIENTED_EDGE('',*,*,#1088,.F.);
#1088 = EDGE_CURVE('',#1029,#1080,#1089,.T.);
#1089 = LINE('',#1090,#1091);
#1090 = CARTESIAN_POINT('',(-32.,15.8,-2.22044604925E-16));
#1091 = VECTOR('',#1092,1.);
#1092 = DIRECTION('',(1.,0.,-0.));
#1093 = ORIENTED_EDGE('',*,*,#1037,.F.);
#1094 = FACE_BOUND('',#1095,.F.);
#1095 = EDGE_LOOP('',(#1096));
#1096 = ORIENTED_EDGE('',*,*,#1097,.F.);
#1097 = EDGE_CURVE('',#1098,#1098,#1100,.T.);
#1098 = VERTEX_POINT('',#1099);
#1099 = CARTESIAN_POINT('',(-32.9,-11.,0.));
#1100 = CIRCLE('',#1101,2.1);
#1101 = AXIS2_PLACEMENT_3D('',#1102,#1103,#1104);
#1102 = CARTESIAN_POINT('',(-35.,-11.,0.));
#1103 = DIRECTION('',(0.,0.,1.));
#1104 = DIRECTION('',(1.,0.,-0.));
#1105 = FACE_BOUND('',#1106,.F.);
#1106 = EDGE_LOOP('',(#1107));
#1107 = ORIENTED_EDGE('',*,*,#1108,.F.);
#1108 = EDGE_CURVE('',#1109,#1109,#1111,.T.);
#1109 = VERTEX_POINT('',#1110);
#1110 = CARTESIAN_POINT('',(37.1,-11.,0.));
#1111 = CIRCLE('',#1112,2.1);
#1112 = AXIS2_PLACEMENT_3D('',#1113,#1114,#1115);
#1113 = CARTESIAN_POINT('',(35.,-11.,0.));
#1114 = DIRECTION('',(0.,0.,1.));
#1115 = DIRECTION('',(1.,0.,-0.));
#1116 = FACE_BOUND('',#1117,.F.);
#1117 = EDGE_LOOP('',(#1118));
#1118 = ORIENTED_EDGE('',*,*,#1119,.F.);
#1119 = EDGE_CURVE('',#1120,#1120,#1122,.T.);
#1120 = VERTEX_POINT('',#1121);
#1121 = CARTESIAN_POINT('',(-32.9,11.,0.));
#1122 = CIRCLE('',#1123,2.1);
#1123 = AXIS2_PLACEMENT_3D('',#1124,#1125,#1126);
#1124 = CARTESIAN_POINT('',(-35.,11.,0.));
#1125 = DIRECTION('',(0.,0.,1.));
#1126 = DIRECTION('',(1.,0.,-0.));
#1127 = FACE_BOUND('',#1128,.F.);
#1128 = EDGE_LOOP('',(#1129));
#1129 = ORIENTED_EDGE('',*,*,#1130,.F.);
#1130 = EDGE_CURVE('',#1131,#1131,#1133,.T.);
#1131 = VERTEX_POINT('',#1132);
#1132 = CARTESIAN_POINT('',(37.1,11.,0.));
#1133 = CIRCLE('',#1134,2.1);
#1134 = AXIS2_PLACEMENT_3D('',#1135,#1136,#1137);
#1135 = CARTESIAN_POINT('',(35.,11.,0.));
#1136 = DIRECTION('',(0.,0.,1.));
#1137 = DIRECTION('',(1.,0.,-0.));
#1138 = PLANE('',#1139);
#1139 = AXIS2_PLACEMENT_3D('',#1140,#1141,#1142);
#1140 = CARTESIAN_POINT('',(-39.,-17.,0.));
#1141 = DIRECTION('',(0.,0.,1.));
#1142 = DIRECTION('',(1.,0.,-0.));
#1143 = ADVANCED_FACE('',(#1144),#1181,.T.);
#1144 = FACE_BOUND('',#1145,.F.);
#1145 = EDGE_LOOP('',(#1146,#1147,#1154,#1155,#1156,#1157,#1166,#1174));
#1146 = ORIENTED_EDGE('',*,*,#493,.F.);
#1147 = ORIENTED_EDGE('',*,*,#1148,.T.);
#1148 = EDGE_CURVE('',#486,#1055,#1149,.T.);
#1149 = CIRCLE('',#1150,1.2);
#1150 = AXIS2_PLACEMENT_3D('',#1151,#1152,#1153);
#1151 = CARTESIAN_POINT('',(32.,-15.8,1.2));
#1152 = DIRECTION('',(1.,6.123233995737E-17,0.));
#1153 = DIRECTION('',(6.123233995737E-17,-1.,0.));
#1154 = ORIENTED_EDGE('',*,*,#1054,.T.);
#1155 = ORIENTED_EDGE('',*,*,#449,.F.);
#1156 = ORIENTED_EDGE('',*,*,#475,.F.);
#1157 = ORIENTED_EDGE('',*,*,#1158,.F.);
#1158 = EDGE_CURVE('',#1159,#476,#1161,.T.);
#1159 = VERTEX_POINT('',#1160);
#1160 = CARTESIAN_POINT('',(-20.,-16.98321595662,1.));
#1161 = CIRCLE('',#1162,1.2);
#1162 = AXIS2_PLACEMENT_3D('',#1163,#1164,#1165);
#1163 = CARTESIAN_POINT('',(-20.,-15.8,1.2));
#1164 = DIRECTION('',(-1.,-0.,0.));
#1165 = DIRECTION('',(0.,-1.,-0.));
#1166 = ORIENTED_EDGE('',*,*,#1167,.F.);
#1167 = EDGE_CURVE('',#1168,#1159,#1170,.T.);
#1168 = VERTEX_POINT('',#1169);
#1169 = CARTESIAN_POINT('',(20.,-16.98321595662,1.));
#1170 = LINE('',#1171,#1172);
#1171 = CARTESIAN_POINT('',(32.,-16.98321595662,1.));
#1172 = VECTOR('',#1173,1.);
#1173 = DIRECTION('',(-1.,-0.,0.));
#1174 = ORIENTED_EDGE('',*,*,#1175,.T.);
#1175 = EDGE_CURVE('',#1168,#494,#1176,.T.);
#1176 = CIRCLE('',#1177,1.2);
#1177 = AXIS2_PLACEMENT_3D('',#1178,#1179,#1180);
#1178 = CARTESIAN_POINT('',(20.,-15.8,1.2));
#1179 = DIRECTION('',(-1.,-0.,0.));
#1180 = DIRECTION('',(0.,-1.,-0.));
#1181 = CYLINDRICAL_SURFACE('',#1182,1.2);
#1182 = AXIS2_PLACEMENT_3D('',#1183,#1184,#1185);
#1183 = CARTESIAN_POINT('',(32.,-15.8,1.2));
#1184 = DIRECTION('',(-1.,-0.,0.));
#1185 = DIRECTION('',(0.,-1.,-0.));
#1186 = ADVANCED_FACE('',(#1187),#1213,.T.);
#1187 = FACE_BOUND('',#1188,.T.);
#1188 = EDGE_LOOP('',(#1189,#1195,#1196,#1197,#1205,#1212));
#1189 = ORIENTED_EDGE('',*,*,#1190,.F.);
#1190 = EDGE_CURVE('',#510,#578,#1191,.T.);
#1191 = LINE('',#1192,#1193);
#1192 = CARTESIAN_POINT('',(-20.,-18.,3.4));
#1193 = VECTOR('',#1194,1.);
#1194 = DIRECTION('',(-0.,1.,0.));
#1195 = ORIENTED_EDGE('',*,*,#517,.T.);
#1196 = ORIENTED_EDGE('',*,*,#1158,.F.);
#1197 = ORIENTED_EDGE('',*,*,#1198,.T.);
#1198 = EDGE_CURVE('',#1159,#1199,#1201,.T.);
#1199 = VERTEX_POINT('',#1200);
#1200 = CARTESIAN_POINT('',(-20.,16.98321595662,1.));
#1201 = LINE('',#1202,#1203);
#1202 = CARTESIAN_POINT('',(-20.,-18.,1.));
#1203 = VECTOR('',#1204,1.);
#1204 = DIRECTION('',(-0.,1.,0.));
#1205 = ORIENTED_EDGE('',*,*,#1206,.T.);
#1206 = EDGE_CURVE('',#1199,#544,#1207,.T.);
#1207 = CIRCLE('',#1208,1.2);
#1208 = AXIS2_PLACEMENT_3D('',#1209,#1210,#1211);
#1209 = CARTESIAN_POINT('',(-20.,15.8,1.2));
#1210 = DIRECTION('',(1.,0.,-0.));
#1211 = DIRECTION('',(0.,1.,0.));
#1212 = ORIENTED_EDGE('',*,*,#585,.F.);
#1213 = PLANE('',#1214);
#1214 = AXIS2_PLACEMENT_3D('',#1215,#1216,#1217);
#1215 = CARTESIAN_POINT('',(-20.,-18.,1.));
#1216 = DIRECTION('',(1.,0.,-0.));
#1217 = DIRECTION('',(0.,0.,1.));
#1218 = ADVANCED_FACE('',(#1219),#1230,.F.);
#1219 = FACE_BOUND('',#1220,.F.);
#1220 = EDGE_LOOP('',(#1221,#1222,#1223,#1229));
#1221 = ORIENTED_EDGE('',*,*,#1190,.F.);
#1222 = ORIENTED_EDGE('',*,*,#509,.T.);
#1223 = ORIENTED_EDGE('',*,*,#1224,.T.);
#1224 = EDGE_CURVE('',#502,#570,#1225,.T.);
#1225 = LINE('',#1226,#1227);
#1226 = CARTESIAN_POINT('',(20.,-18.,3.4));
#1227 = VECTOR('',#1228,1.);
#1228 = DIRECTION('',(-0.,1.,0.));
#1229 = ORIENTED_EDGE('',*,*,#577,.F.);
#1230 = PLANE('',#1231);
#1231 = AXIS2_PLACEMENT_3D('',#1232,#1233,#1234);
#1232 = CARTESIAN_POINT('',(-20.,-18.,3.4));
#1233 = DIRECTION('',(0.,0.,1.));
#1234 = DIRECTION('',(1.,0.,-0.));
#1235 = ADVANCED_FACE('',(#1236),#1257,.F.);
#1236 = FACE_BOUND('',#1237,.F.);
#1237 = EDGE_LOOP('',(#1238,#1239,#1240,#1241,#1249,#1256));
#1238 = ORIENTED_EDGE('',*,*,#1224,.F.);
#1239 = ORIENTED_EDGE('',*,*,#501,.T.);
#1240 = ORIENTED_EDGE('',*,*,#1175,.F.);
#1241 = ORIENTED_EDGE('',*,*,#1242,.T.);
#1242 = EDGE_CURVE('',#1168,#1243,#1245,.T.);
#1243 = VERTEX_POINT('',#1244);
#1244 = CARTESIAN_POINT('',(20.,16.98321595662,1.));
#1245 = LINE('',#1246,#1247);
#1246 = CARTESIAN_POINT('',(20.,-18.,1.));
#1247 = VECTOR('',#1248,1.);
#1248 = DIRECTION('',(-0.,1.,0.));
#1249 = ORIENTED_EDGE('',*,*,#1250,.T.);
#1250 = EDGE_CURVE('',#1243,#562,#1251,.T.);
#1251 = CIRCLE('',#1252,1.2);
#1252 = AXIS2_PLACEMENT_3D('',#1253,#1254,#1255);
#1253 = CARTESIAN_POINT('',(20.,15.8,1.2));
#1254 = DIRECTION('',(1.,0.,-0.));
#1255 = DIRECTION('',(0.,1.,0.));
#1256 = ORIENTED_EDGE('',*,*,#569,.F.);
#1257 = PLANE('',#1258);
#1258 = AXIS2_PLACEMENT_3D('',#1259,#1260,#1261);
#1259 = CARTESIAN_POINT('',(20.,-18.,1.));
#1260 = DIRECTION('',(1.,0.,-0.));
#1261 = DIRECTION('',(0.,0.,1.));
#1262 = ADVANCED_FACE('',(#1263),#1284,.T.);
#1263 = FACE_BOUND('',#1264,.F.);
#1264 = EDGE_LOOP('',(#1265,#1266,#1267,#1268,#1275,#1276,#1277,#1283));
#1265 = ORIENTED_EDGE('',*,*,#543,.F.);
#1266 = ORIENTED_EDGE('',*,*,#1028,.T.);
#1267 = ORIENTED_EDGE('',*,*,#1088,.T.);
#1268 = ORIENTED_EDGE('',*,*,#1269,.F.);
#1269 = EDGE_CURVE('',#554,#1080,#1270,.T.);
#1270 = CIRCLE('',#1271,1.2);
#1271 = AXIS2_PLACEMENT_3D('',#1272,#1273,#1274);
#1272 = CARTESIAN_POINT('',(32.,15.8,1.2));
#1273 = DIRECTION('',(-1.,0.,0.));
#1274 = DIRECTION('',(0.,1.,0.));
#1275 = ORIENTED_EDGE('',*,*,#561,.F.);
#1276 = ORIENTED_EDGE('',*,*,#1250,.F.);
#1277 = ORIENTED_EDGE('',*,*,#1278,.F.);
#1278 = EDGE_CURVE('',#1199,#1243,#1279,.T.);
#1279 = LINE('',#1280,#1281);
#1280 = CARTESIAN_POINT('',(-32.,16.98321595662,1.));
#1281 = VECTOR('',#1282,1.);
#1282 = DIRECTION('',(1.,0.,-0.));
#1283 = ORIENTED_EDGE('',*,*,#1206,.T.);
#1284 = CYLINDRICAL_SURFACE('',#1285,1.2);
#1285 = AXIS2_PLACEMENT_3D('',#1286,#1287,#1288);
#1286 = CARTESIAN_POINT('',(-32.,15.8,1.2));
#1287 = DIRECTION('',(1.,0.,-0.));
#1288 = DIRECTION('',(0.,1.,0.));
#1289 = ADVANCED_FACE('',(#1290),#1302,.T.);
#1290 = FACE_BOUND('',#1291,.T.);
#1291 = EDGE_LOOP('',(#1292,#1293,#1294,#1301));
#1292 = ORIENTED_EDGE('',*,*,#1269,.F.);
#1293 = ORIENTED_EDGE('',*,*,#607,.T.);
#1294 = ORIENTED_EDGE('',*,*,#1295,.T.);
#1295 = EDGE_CURVE('',#600,#1072,#1296,.T.);
#1296 = CIRCLE('',#1297,1.2);
#1297 = AXIS2_PLACEMENT_3D('',#1298,#1299,#1300);
#1298 = CARTESIAN_POINT('',(37.8,10.,1.2));
#1299 = DIRECTION('',(-6.123233995737E-17,1.,0.));
#1300 = DIRECTION('',(1.,6.123233995737E-17,0.));
#1301 = ORIENTED_EDGE('',*,*,#1079,.F.);
#1302 = TOROIDAL_SURFACE('',#1303,5.8,1.2);
#1303 = AXIS2_PLACEMENT_3D('',#1304,#1305,#1306);
#1304 = CARTESIAN_POINT('',(32.,10.,1.2));
#1305 = DIRECTION('',(-0.,-0.,-1.));
#1306 = DIRECTION('',(0.,1.,-0.));
#1307 = ADVANCED_FACE('',(#1308),#1320,.T.);
#1308 = FACE_BOUND('',#1309,.F.);
#1309 = EDGE_LOOP('',(#1310,#1311,#1312,#1319));
#1310 = ORIENTED_EDGE('',*,*,#1295,.T.);
#1311 = ORIENTED_EDGE('',*,*,#1071,.T.);
#1312 = ORIENTED_EDGE('',*,*,#1313,.F.);
#1313 = EDGE_CURVE('',#625,#1063,#1314,.T.);
#1314 = CIRCLE('',#1315,1.2);
#1315 = AXIS2_PLACEMENT_3D('',#1316,#1317,#1318);
#1316 = CARTESIAN_POINT('',(37.8,-10.,1.2));
#1317 = DIRECTION('',(-0.,1.,0.));
#1318 = DIRECTION('',(1.,0.,0.));
#1319 = ORIENTED_EDGE('',*,*,#632,.F.);
#1320 = CYLINDRICAL_SURFACE('',#1321,1.2);
#1321 = AXIS2_PLACEMENT_3D('',#1322,#1323,#1324);
#1322 = CARTESIAN_POINT('',(37.8,10.,1.2));
#1323 = DIRECTION('',(0.,-1.,-0.));
#1324 = DIRECTION('',(1.,0.,0.));
#1325 = ADVANCED_FACE('',(#1326),#1332,.T.);
#1326 = FACE_BOUND('',#1327,.T.);
#1327 = EDGE_LOOP('',(#1328,#1329,#1330,#1331));
#1328 = ORIENTED_EDGE('',*,*,#1313,.F.);
#1329 = ORIENTED_EDGE('',*,*,#649,.T.);
#1330 = ORIENTED_EDGE('',*,*,#1148,.T.);
#1331 = ORIENTED_EDGE('',*,*,#1062,.F.);
#1332 = TOROIDAL_SURFACE('',#1333,5.8,1.2);
#1333 = AXIS2_PLACEMENT_3D('',#1334,#1335,#1336);
#1334 = CARTESIAN_POINT('',(32.,-10.,1.2));
#1335 = DIRECTION('',(-0.,-0.,-1.));
#1336 = DIRECTION('',(1.,0.,-0.));
#1337 = ADVANCED_FACE('',(#1338,#1349),#1352,.F.);
#1338 = FACE_BOUND('',#1339,.F.);
#1339 = EDGE_LOOP('',(#1340));
#1340 = ORIENTED_EDGE('',*,*,#1341,.T.);
#1341 = EDGE_CURVE('',#1342,#1342,#1344,.T.);
#1342 = VERTEX_POINT('',#1343);
#1343 = CARTESIAN_POINT('',(-32.9,-11.,1.6));
#1344 = CIRCLE('',#1345,2.1);
#1345 = AXIS2_PLACEMENT_3D('',#1346,#1347,#1348);
#1346 = CARTESIAN_POINT('',(-35.,-11.,1.6));
#1347 = DIRECTION('',(0.,0.,1.));
#1348 = DIRECTION('',(1.,0.,-0.));
#1349 = FACE_BOUND('',#1350,.F.);
#1350 = EDGE_LOOP('',(#1351));
#1351 = ORIENTED_EDGE('',*,*,#676,.F.);
#1352 = PLANE('',#1353);
#1353 = AXIS2_PLACEMENT_3D('',#1354,#1355,#1356);
#1354 = CARTESIAN_POINT('',(-35.,-11.,1.6));
#1355 = DIRECTION('',(0.,0.,1.));
#1356 = DIRECTION('',(1.,0.,-0.));
#1357 = ADVANCED_FACE('',(#1358,#1369),#1372,.F.);
#1358 = FACE_BOUND('',#1359,.F.);
#1359 = EDGE_LOOP('',(#1360));
#1360 = ORIENTED_EDGE('',*,*,#1361,.T.);
#1361 = EDGE_CURVE('',#1362,#1362,#1364,.T.);
#1362 = VERTEX_POINT('',#1363);
#1363 = CARTESIAN_POINT('',(37.1,-11.,1.6));
#1364 = CIRCLE('',#1365,2.1);
#1365 = AXIS2_PLACEMENT_3D('',#1366,#1367,#1368);
#1366 = CARTESIAN_POINT('',(35.,-11.,1.6));
#1367 = DIRECTION('',(0.,0.,1.));
#1368 = DIRECTION('',(1.,0.,-0.));
#1369 = FACE_BOUND('',#1370,.F.);
#1370 = EDGE_LOOP('',(#1371));
#1371 = ORIENTED_EDGE('',*,*,#701,.F.);
#1372 = PLANE('',#1373);
#1373 = AXIS2_PLACEMENT_3D('',#1374,#1375,#1376);
#1374 = CARTESIAN_POINT('',(35.,-11.,1.6));
#1375 = DIRECTION('',(0.,0.,1.));
#1376 = DIRECTION('',(1.,0.,-0.));
#1377 = ADVANCED_FACE('',(#1378),#1409,.T.);
#1378 = FACE_BOUND('',#1379,.T.);
#1379 = EDGE_LOOP('',(#1380,#1381,#1382,#1383,#1384,#1385,#1394,#1402));
#1380 = ORIENTED_EDGE('',*,*,#750,.F.);
#1381 = ORIENTED_EDGE('',*,*,#724,.T.);
#1382 = ORIENTED_EDGE('',*,*,#804,.T.);
#1383 = ORIENTED_EDGE('',*,*,#861,.F.);
#1384 = ORIENTED_EDGE('',*,*,#904,.T.);
#1385 = ORIENTED_EDGE('',*,*,#1386,.F.);
#1386 = EDGE_CURVE('',#1387,#905,#1389,.T.);
#1387 = VERTEX_POINT('',#1388);
#1388 = CARTESIAN_POINT('',(30.35,-12.35,8.));
#1389 = CIRCLE('',#1390,1.);
#1390 = AXIS2_PLACEMENT_3D('',#1391,#1392,#1393);
#1391 = CARTESIAN_POINT('',(30.35,-11.35,8.));
#1392 = DIRECTION('',(0.,0.,1.));
#1393 = DIRECTION('',(1.,0.,-0.));
#1394 = ORIENTED_EDGE('',*,*,#1395,.T.);
#1395 = EDGE_CURVE('',#1387,#1396,#1398,.T.);
#1396 = VERTEX_POINT('',#1397);
#1397 = CARTESIAN_POINT('',(-30.35,-12.35,8.));
#1398 = LINE('',#1399,#1400);
#1399 = CARTESIAN_POINT('',(-31.35,-12.35,8.));
#1400 = VECTOR('',#1401,1.);
#1401 = DIRECTION('',(-1.,-0.,0.));
#1402 = ORIENTED_EDGE('',*,*,#1403,.F.);
#1403 = EDGE_CURVE('',#751,#1396,#1404,.T.);
#1404 = CIRCLE('',#1405,1.);
#1405 = AXIS2_PLACEMENT_3D('',#1406,#1407,#1408);
#1406 = CARTESIAN_POINT('',(-30.35,-11.35,8.));
#1407 = DIRECTION('',(0.,0.,1.));
#1408 = DIRECTION('',(-1.,-0.,0.));
#1409 = PLANE('',#1410);
#1410 = AXIS2_PLACEMENT_3D('',#1411,#1412,#1413);
#1411 = CARTESIAN_POINT('',(-31.35,-13.35,8.));
#1412 = DIRECTION('',(0.,0.,1.));
#1413 = DIRECTION('',(1.,0.,-0.));
#1414 = ADVANCED_FACE('',(#1415),#1446,.T.);
#1415 = FACE_BOUND('',#1416,.T.);
#1416 = EDGE_LOOP('',(#1417,#1418,#1427,#1435,#1442,#1443,#1444,#1445));
#1417 = ORIENTED_EDGE('',*,*,#782,.F.);
#1418 = ORIENTED_EDGE('',*,*,#1419,.F.);
#1419 = EDGE_CURVE('',#1420,#775,#1422,.T.);
#1420 = VERTEX_POINT('',#1421);
#1421 = CARTESIAN_POINT('',(-30.35,12.35,8.));
#1422 = CIRCLE('',#1423,1.);
#1423 = AXIS2_PLACEMENT_3D('',#1424,#1425,#1426);
#1424 = CARTESIAN_POINT('',(-30.35,11.35,8.));
#1425 = DIRECTION('',(0.,0.,1.));
#1426 = DIRECTION('',(-1.,-0.,0.));
#1427 = ORIENTED_EDGE('',*,*,#1428,.F.);
#1428 = EDGE_CURVE('',#1429,#1420,#1431,.T.);
#1429 = VERTEX_POINT('',#1430);
#1430 = CARTESIAN_POINT('',(30.35,12.35,8.));
#1431 = LINE('',#1432,#1433);
#1432 = CARTESIAN_POINT('',(-31.35,12.35,8.));
#1433 = VECTOR('',#1434,1.);
#1434 = DIRECTION('',(-1.,-0.,0.));
#1435 = ORIENTED_EDGE('',*,*,#1436,.F.);
#1436 = EDGE_CURVE('',#929,#1429,#1437,.T.);
#1437 = CIRCLE('',#1438,1.);
#1438 = AXIS2_PLACEMENT_3D('',#1439,#1440,#1441);
#1439 = CARTESIAN_POINT('',(30.35,11.35,8.));
#1440 = DIRECTION('',(0.,0.,1.));
#1441 = DIRECTION('',(1.,0.,-0.));
#1442 = ORIENTED_EDGE('',*,*,#936,.T.);
#1443 = ORIENTED_EDGE('',*,*,#959,.T.);
#1444 = ORIENTED_EDGE('',*,*,#878,.F.);
#1445 = ORIENTED_EDGE('',*,*,#829,.F.);
#1446 = PLANE('',#1447);
#1447 = AXIS2_PLACEMENT_3D('',#1448,#1449,#1450);
#1448 = CARTESIAN_POINT('',(-31.35,-13.35,8.));
#1449 = DIRECTION('',(0.,0.,1.));
#1450 = DIRECTION('',(1.,0.,-0.));
#1451 = ADVANCED_FACE('',(#1452),#1463,.T.);
#1452 = FACE_BOUND('',#1453,.T.);
#1453 = EDGE_LOOP('',(#1454,#1455,#1461,#1462));
#1454 = ORIENTED_EDGE('',*,*,#758,.F.);
#1455 = ORIENTED_EDGE('',*,*,#1456,.T.);
#1456 = EDGE_CURVE('',#751,#775,#1457,.T.);
#1457 = LINE('',#1458,#1459);
#1458 = CARTESIAN_POINT('',(-31.35,-13.35,8.));
#1459 = VECTOR('',#1460,1.);
#1460 = DIRECTION('',(-0.,1.,0.));
#1461 = ORIENTED_EDGE('',*,*,#774,.T.);
#1462 = ORIENTED_EDGE('',*,*,#766,.F.);
#1463 = PLANE('',#1464);
#1464 = AXIS2_PLACEMENT_3D('',#1465,#1466,#1467);
#1465 = CARTESIAN_POINT('',(-31.35,-13.35,8.));
#1466 = DIRECTION('',(1.,0.,-0.));
#1467 = DIRECTION('',(0.,0.,1.));
#1468 = ADVANCED_FACE('',(#1469),#1480,.F.);
#1469 = FACE_BOUND('',#1470,.F.);
#1470 = EDGE_LOOP('',(#1471,#1472,#1478,#1479));
#1471 = ORIENTED_EDGE('',*,*,#912,.F.);
#1472 = ORIENTED_EDGE('',*,*,#1473,.T.);
#1473 = EDGE_CURVE('',#905,#929,#1474,.T.);
#1474 = LINE('',#1475,#1476);
#1475 = CARTESIAN_POINT('',(31.35,-13.35,8.));
#1476 = VECTOR('',#1477,1.);
#1477 = DIRECTION('',(-0.,1.,0.));
#1478 = ORIENTED_EDGE('',*,*,#928,.T.);
#1479 = ORIENTED_EDGE('',*,*,#920,.F.);
#1480 = PLANE('',#1481);
#1481 = AXIS2_PLACEMENT_3D('',#1482,#1483,#1484);
#1482 = CARTESIAN_POINT('',(31.35,-13.35,8.));
#1483 = DIRECTION('',(1.,0.,-0.));
#1484 = DIRECTION('',(0.,0.,1.));
#1485 = ADVANCED_FACE('',(#1486,#1497),#1500,.F.);
#1486 = FACE_BOUND('',#1487,.F.);
#1487 = EDGE_LOOP('',(#1488));
#1488 = ORIENTED_EDGE('',*,*,#1489,.T.);
#1489 = EDGE_CURVE('',#1490,#1490,#1492,.T.);
#1490 = VERTEX_POINT('',#1491);
#1491 = CARTESIAN_POINT('',(-32.9,11.,1.6));
#1492 = CIRCLE('',#1493,2.1);
#1493 = AXIS2_PLACEMENT_3D('',#1494,#1495,#1496);
#1494 = CARTESIAN_POINT('',(-35.,11.,1.6));
#1495 = DIRECTION('',(0.,0.,1.));
#1496 = DIRECTION('',(1.,0.,-0.));
#1497 = FACE_BOUND('',#1498,.F.);
#1498 = EDGE_LOOP('',(#1499));
#1499 = ORIENTED_EDGE('',*,*,#986,.F.);
#1500 = PLANE('',#1501);
#1501 = AXIS2_PLACEMENT_3D('',#1502,#1503,#1504);
#1502 = CARTESIAN_POINT('',(-35.,11.,1.6));
#1503 = DIRECTION('',(0.,0.,1.));
#1504 = DIRECTION('',(1.,0.,-0.));
#1505 = ADVANCED_FACE('',(#1506,#1517),#1520,.F.);
#1506 = FACE_BOUND('',#1507,.F.);
#1507 = EDGE_LOOP('',(#1508));
#1508 = ORIENTED_EDGE('',*,*,#1509,.T.);
#1509 = EDGE_CURVE('',#1510,#1510,#1512,.T.);
#1510 = VERTEX_POINT('',#1511);
#1511 = CARTESIAN_POINT('',(37.1,11.,1.6));
#1512 = CIRCLE('',#1513,2.1);
#1513 = AXIS2_PLACEMENT_3D('',#1514,#1515,#1516);
#1514 = CARTESIAN_POINT('',(35.,11.,1.6));
#1515 = DIRECTION('',(0.,0.,1.));
#1516 = DIRECTION('',(1.,0.,-0.));
#1517 = FACE_BOUND('',#1518,.F.);
#1518 = EDGE_LOOP('',(#1519));
#1519 = ORIENTED_EDGE('',*,*,#1011,.F.);
#1520 = PLANE('',#1521);
#1521 = AXIS2_PLACEMENT_3D('',#1522,#1523,#1524);
#1522 = CARTESIAN_POINT('',(35.,11.,1.6));
#1523 = DIRECTION('',(0.,0.,1.));
#1524 = DIRECTION('',(1.,0.,-0.));
#1525 = ADVANCED_FACE('',(#1526),#1537,.F.);
#1526 = FACE_BOUND('',#1527,.F.);
#1527 = EDGE_LOOP('',(#1528,#1534,#1535,#1536));
#1528 = ORIENTED_EDGE('',*,*,#1529,.T.);
#1529 = EDGE_CURVE('',#1098,#1342,#1530,.T.);
#1530 = LINE('',#1531,#1532);
#1531 = CARTESIAN_POINT('',(-32.9,-11.,-1.));
#1532 = VECTOR('',#1533,1.);
#1533 = DIRECTION('',(0.,0.,1.));
#1534 = ORIENTED_EDGE('',*,*,#1341,.F.);
#1535 = ORIENTED_EDGE('',*,*,#1529,.F.);
#1536 = ORIENTED_EDGE('',*,*,#1097,.T.);
#1537 = CYLINDRICAL_SURFACE('',#1538,2.1);
#1538 = AXIS2_PLACEMENT_3D('',#1539,#1540,#1541);
#1539 = CARTESIAN_POINT('',(-35.,-11.,-1.));
#1540 = DIRECTION('',(0.,0.,1.));
#1541 = DIRECTION('',(1.,0.,-0.));
#1542 = ADVANCED_FACE('',(#1543),#1554,.F.);
#1543 = FACE_BOUND('',#1544,.F.);
#1544 = EDGE_LOOP('',(#1545,#1551,#1552,#1553));
#1545 = ORIENTED_EDGE('',*,*,#1546,.T.);
#1546 = EDGE_CURVE('',#1109,#1362,#1547,.T.);
#1547 = LINE('',#1548,#1549);
#1548 = CARTESIAN_POINT('',(37.1,-11.,-1.));
#1549 = VECTOR('',#1550,1.);
#1550 = DIRECTION('',(0.,0.,1.));
#1551 = ORIENTED_EDGE('',*,*,#1361,.F.);
#1552 = ORIENTED_EDGE('',*,*,#1546,.F.);
#1553 = ORIENTED_EDGE('',*,*,#1108,.T.);
#1554 = CYLINDRICAL_SURFACE('',#1555,2.1);
#1555 = AXIS2_PLACEMENT_3D('',#1556,#1557,#1558);
#1556 = CARTESIAN_POINT('',(35.,-11.,-1.));
#1557 = DIRECTION('',(0.,0.,1.));
#1558 = DIRECTION('',(1.,0.,-0.));
#1559 = ADVANCED_FACE('',(#1560),#1571,.F.);
#1560 = FACE_BOUND('',#1561,.F.);
#1561 = EDGE_LOOP('',(#1562,#1568,#1569,#1570));
#1562 = ORIENTED_EDGE('',*,*,#1563,.T.);
#1563 = EDGE_CURVE('',#1120,#1490,#1564,.T.);
#1564 = LINE('',#1565,#1566);
#1565 = CARTESIAN_POINT('',(-32.9,11.,-1.));
#1566 = VECTOR('',#1567,1.);
#1567 = DIRECTION('',(0.,0.,1.));
#1568 = ORIENTED_EDGE('',*,*,#1489,.F.);
#1569 = ORIENTED_EDGE('',*,*,#1563,.F.);
#1570 = ORIENTED_EDGE('',*,*,#1119,.T.);
#1571 = CYLINDRICAL_SURFACE('',#1572,2.1);
#1572 = AXIS2_PLACEMENT_3D('',#1573,#1574,#1575);
#1573 = CARTESIAN_POINT('',(-35.,11.,-1.));
#1574 = DIRECTION('',(0.,0.,1.));
#1575 = DIRECTION('',(1.,0.,-0.));
#1576 = ADVANCED_FACE('',(#1577),#1588,.F.);
#1577 = FACE_BOUND('',#1578,.F.);
#1578 = EDGE_LOOP('',(#1579,#1585,#1586,#1587));
#1579 = ORIENTED_EDGE('',*,*,#1580,.T.);
#1580 = EDGE_CURVE('',#1131,#1510,#1581,.T.);
#1581 = LINE('',#1582,#1583);
#1582 = CARTESIAN_POINT('',(37.1,11.,-1.));
#1583 = VECTOR('',#1584,1.);
#1584 = DIRECTION('',(0.,0.,1.));
#1585 = ORIENTED_EDGE('',*,*,#1509,.F.);
#1586 = ORIENTED_EDGE('',*,*,#1580,.F.);
#1587 = ORIENTED_EDGE('',*,*,#1130,.T.);
#1588 = CYLINDRICAL_SURFACE('',#1589,2.1);
#1589 = AXIS2_PLACEMENT_3D('',#1590,#1591,#1592);
#1590 = CARTESIAN_POINT('',(35.,11.,-1.));
#1591 = DIRECTION('',(0.,0.,1.));
#1592 = DIRECTION('',(1.,0.,-0.));
#1593 = ADVANCED_FACE('',(#1594),#1600,.T.);
#1594 = FACE_BOUND('',#1595,.T.);
#1595 = EDGE_LOOP('',(#1596,#1597,#1598,#1599));
#1596 = ORIENTED_EDGE('',*,*,#1198,.F.);
#1597 = ORIENTED_EDGE('',*,*,#1167,.F.);
#1598 = ORIENTED_EDGE('',*,*,#1242,.T.);
#1599 = ORIENTED_EDGE('',*,*,#1278,.F.);
#1600 = PLANE('',#1601);
#1601 = AXIS2_PLACEMENT_3D('',#1602,#1603,#1604);
#1602 = CARTESIAN_POINT('',(-20.,-18.,1.));
#1603 = DIRECTION('',(0.,0.,1.));
#1604 = DIRECTION('',(1.,0.,-0.));
#1605 = ADVANCED_FACE('',(#1606),#1632,.F.);
#1606 = FACE_BOUND('',#1607,.F.);
#1607 = EDGE_LOOP('',(#1608,#1616,#1625,#1631));
#1608 = ORIENTED_EDGE('',*,*,#1609,.F.);
#1609 = EDGE_CURVE('',#1610,#751,#1612,.T.);
#1610 = VERTEX_POINT('',#1611);
#1611 = CARTESIAN_POINT('',(-31.35,-11.35,4.6));
#1612 = LINE('',#1613,#1614);
#1613 = CARTESIAN_POINT('',(-31.35,-11.35,4.6));
#1614 = VECTOR('',#1615,1.);
#1615 = DIRECTION('',(0.,0.,1.));
#1616 = ORIENTED_EDGE('',*,*,#1617,.T.);
#1617 = EDGE_CURVE('',#1610,#1618,#1620,.T.);
#1618 = VERTEX_POINT('',#1619);
#1619 = CARTESIAN_POINT('',(-30.35,-12.35,4.6));
#1620 = CIRCLE('',#1621,1.);
#1621 = AXIS2_PLACEMENT_3D('',#1622,#1623,#1624);
#1622 = CARTESIAN_POINT('',(-30.35,-11.35,4.6));
#1623 = DIRECTION('',(0.,0.,1.));
#1624 = DIRECTION('',(0.,-1.,0.));
#1625 = ORIENTED_EDGE('',*,*,#1626,.T.);
#1626 = EDGE_CURVE('',#1618,#1396,#1627,.T.);
#1627 = LINE('',#1628,#1629);
#1628 = CARTESIAN_POINT('',(-30.35,-12.35,4.6));
#1629 = VECTOR('',#1630,1.);
#1630 = DIRECTION('',(0.,0.,1.));
#1631 = ORIENTED_EDGE('',*,*,#1403,.F.);
#1632 = CYLINDRICAL_SURFACE('',#1633,1.);
#1633 = AXIS2_PLACEMENT_3D('',#1634,#1635,#1636);
#1634 = CARTESIAN_POINT('',(-30.35,-11.35,4.6));
#1635 = DIRECTION('',(0.,0.,1.));
#1636 = DIRECTION('',(-1.,-0.,0.));
#1637 = ADVANCED_FACE('',(#1638),#1656,.T.);
#1638 = FACE_BOUND('',#1639,.T.);
#1639 = EDGE_LOOP('',(#1640,#1648,#1649,#1650));
#1640 = ORIENTED_EDGE('',*,*,#1641,.F.);
#1641 = EDGE_CURVE('',#1618,#1642,#1644,.T.);
#1642 = VERTEX_POINT('',#1643);
#1643 = CARTESIAN_POINT('',(30.35,-12.35,4.6));
#1644 = LINE('',#1645,#1646);
#1645 = CARTESIAN_POINT('',(-31.35,-12.35,4.6));
#1646 = VECTOR('',#1647,1.);
#1647 = DIRECTION('',(1.,0.,-0.));
#1648 = ORIENTED_EDGE('',*,*,#1626,.T.);
#1649 = ORIENTED_EDGE('',*,*,#1395,.F.);
#1650 = ORIENTED_EDGE('',*,*,#1651,.F.);
#1651 = EDGE_CURVE('',#1642,#1387,#1652,.T.);
#1652 = LINE('',#1653,#1654);
#1653 = CARTESIAN_POINT('',(30.35,-12.35,4.6));
#1654 = VECTOR('',#1655,1.);
#1655 = DIRECTION('',(0.,0.,1.));
#1656 = PLANE('',#1657);
#1657 = AXIS2_PLACEMENT_3D('',#1658,#1659,#1660);
#1658 = CARTESIAN_POINT('',(-31.35,-12.35,4.6));
#1659 = DIRECTION('',(-0.,1.,0.));
#1660 = DIRECTION('',(0.,0.,1.));
#1661 = ADVANCED_FACE('',(#1662),#1681,.F.);
#1662 = FACE_BOUND('',#1663,.T.);
#1663 = EDGE_LOOP('',(#1664,#1672,#1679,#1680));
#1664 = ORIENTED_EDGE('',*,*,#1665,.F.);
#1665 = EDGE_CURVE('',#1666,#905,#1668,.T.);
#1666 = VERTEX_POINT('',#1667);
#1667 = CARTESIAN_POINT('',(31.35,-11.35,4.6));
#1668 = LINE('',#1669,#1670);
#1669 = CARTESIAN_POINT('',(31.35,-11.35,4.6));
#1670 = VECTOR('',#1671,1.);
#1671 = DIRECTION('',(0.,0.,1.));
#1672 = ORIENTED_EDGE('',*,*,#1673,.T.);
#1673 = EDGE_CURVE('',#1666,#1642,#1674,.T.);
#1674 = CIRCLE('',#1675,1.);
#1675 = AXIS2_PLACEMENT_3D('',#1676,#1677,#1678);
#1676 = CARTESIAN_POINT('',(30.35,-11.35,4.6));
#1677 = DIRECTION('',(-0.,-0.,-1.));
#1678 = DIRECTION('',(0.,-1.,0.));
#1679 = ORIENTED_EDGE('',*,*,#1651,.T.);
#1680 = ORIENTED_EDGE('',*,*,#1386,.T.);
#1681 = CYLINDRICAL_SURFACE('',#1682,1.);
#1682 = AXIS2_PLACEMENT_3D('',#1683,#1684,#1685);
#1683 = CARTESIAN_POINT('',(30.35,-11.35,4.6));
#1684 = DIRECTION('',(0.,0.,1.));
#1685 = DIRECTION('',(1.,0.,-0.));
#1686 = ADVANCED_FACE('',(#1687),#1713,.F.);
#1687 = FACE_BOUND('',#1688,.F.);
#1688 = EDGE_LOOP('',(#1689,#1697,#1706,#1712));
#1689 = ORIENTED_EDGE('',*,*,#1690,.F.);
#1690 = EDGE_CURVE('',#1691,#929,#1693,.T.);
#1691 = VERTEX_POINT('',#1692);
#1692 = CARTESIAN_POINT('',(31.35,11.35,4.6));
#1693 = LINE('',#1694,#1695);
#1694 = CARTESIAN_POINT('',(31.35,11.35,4.6));
#1695 = VECTOR('',#1696,1.);
#1696 = DIRECTION('',(0.,0.,1.));
#1697 = ORIENTED_EDGE('',*,*,#1698,.T.);
#1698 = EDGE_CURVE('',#1691,#1699,#1701,.T.);
#1699 = VERTEX_POINT('',#1700);
#1700 = CARTESIAN_POINT('',(30.35,12.35,4.6));
#1701 = CIRCLE('',#1702,1.);
#1702 = AXIS2_PLACEMENT_3D('',#1703,#1704,#1705);
#1703 = CARTESIAN_POINT('',(30.35,11.35,4.6));
#1704 = DIRECTION('',(0.,0.,1.));
#1705 = DIRECTION('',(0.,-1.,0.));
#1706 = ORIENTED_EDGE('',*,*,#1707,.T.);
#1707 = EDGE_CURVE('',#1699,#1429,#1708,.T.);
#1708 = LINE('',#1709,#1710);
#1709 = CARTESIAN_POINT('',(30.35,12.35,4.6));
#1710 = VECTOR('',#1711,1.);
#1711 = DIRECTION('',(0.,0.,1.));
#1712 = ORIENTED_EDGE('',*,*,#1436,.F.);
#1713 = CYLINDRICAL_SURFACE('',#1714,1.);
#1714 = AXIS2_PLACEMENT_3D('',#1715,#1716,#1717);
#1715 = CARTESIAN_POINT('',(30.35,11.35,4.6));
#1716 = DIRECTION('',(0.,0.,1.));
#1717 = DIRECTION('',(1.,0.,-0.));
#1718 = ADVANCED_FACE('',(#1719),#1737,.F.);
#1719 = FACE_BOUND('',#1720,.F.);
#1720 = EDGE_LOOP('',(#1721,#1729,#1735,#1736));
#1721 = ORIENTED_EDGE('',*,*,#1722,.F.);
#1722 = EDGE_CURVE('',#1723,#1699,#1725,.T.);
#1723 = VERTEX_POINT('',#1724);
#1724 = CARTESIAN_POINT('',(-30.35,12.35,4.6));
#1725 = LINE('',#1726,#1727);
#1726 = CARTESIAN_POINT('',(-31.35,12.35,4.6));
#1727 = VECTOR('',#1728,1.);
#1728 = DIRECTION('',(1.,0.,-0.));
#1729 = ORIENTED_EDGE('',*,*,#1730,.T.);
#1730 = EDGE_CURVE('',#1723,#1420,#1731,.T.);
#1731 = LINE('',#1732,#1733);
#1732 = CARTESIAN_POINT('',(-30.35,12.35,4.6));
#1733 = VECTOR('',#1734,1.);
#1734 = DIRECTION('',(0.,0.,1.));
#1735 = ORIENTED_EDGE('',*,*,#1428,.F.);
#1736 = ORIENTED_EDGE('',*,*,#1707,.F.);
#1737 = PLANE('',#1738);
#1738 = AXIS2_PLACEMENT_3D('',#1739,#1740,#1741);
#1739 = CARTESIAN_POINT('',(-31.35,12.35,4.6));
#1740 = DIRECTION('',(-0.,1.,0.));
#1741 = DIRECTION('',(0.,0.,1.));
#1742 = ADVANCED_FACE('',(#1743),#1762,.F.);
#1743 = FACE_BOUND('',#1744,.T.);
#1744 = EDGE_LOOP('',(#1745,#1753,#1760,#1761));
#1745 = ORIENTED_EDGE('',*,*,#1746,.F.);
#1746 = EDGE_CURVE('',#1747,#775,#1749,.T.);
#1747 = VERTEX_POINT('',#1748);
#1748 = CARTESIAN_POINT('',(-31.35,11.35,4.6));
#1749 = LINE('',#1750,#1751);
#1750 = CARTESIAN_POINT('',(-31.35,11.35,4.6));
#1751 = VECTOR('',#1752,1.);
#1752 = DIRECTION('',(0.,0.,1.));
#1753 = ORIENTED_EDGE('',*,*,#1754,.T.);
#1754 = EDGE_CURVE('',#1747,#1723,#1755,.T.);
#1755 = CIRCLE('',#1756,1.);
#1756 = AXIS2_PLACEMENT_3D('',#1757,#1758,#1759);
#1757 = CARTESIAN_POINT('',(-30.35,11.35,4.6));
#1758 = DIRECTION('',(-0.,-0.,-1.));
#1759 = DIRECTION('',(0.,-1.,0.));
#1760 = ORIENTED_EDGE('',*,*,#1730,.T.);
#1761 = ORIENTED_EDGE('',*,*,#1419,.T.);
#1762 = CYLINDRICAL_SURFACE('',#1763,1.);
#1763 = AXIS2_PLACEMENT_3D('',#1764,#1765,#1766);
#1764 = CARTESIAN_POINT('',(-30.35,11.35,4.6));
#1765 = DIRECTION('',(0.,0.,1.));
#1766 = DIRECTION('',(-1.,-0.,0.));
#1767 = ADVANCED_FACE('',(#1768),#1779,.T.);
#1768 = FACE_BOUND('',#1769,.T.);
#1769 = EDGE_LOOP('',(#1770,#1771,#1772,#1778));
#1770 = ORIENTED_EDGE('',*,*,#1456,.F.);
#1771 = ORIENTED_EDGE('',*,*,#1609,.F.);
#1772 = ORIENTED_EDGE('',*,*,#1773,.T.);
#1773 = EDGE_CURVE('',#1610,#1747,#1774,.T.);
#1774 = LINE('',#1775,#1776);
#1775 = CARTESIAN_POINT('',(-31.35,-12.35,4.6));
#1776 = VECTOR('',#1777,1.);
#1777 = DIRECTION('',(-0.,1.,0.));
#1778 = ORIENTED_EDGE('',*,*,#1746,.T.);
#1779 = PLANE('',#1780);
#1780 = AXIS2_PLACEMENT_3D('',#1781,#1782,#1783);
#1781 = CARTESIAN_POINT('',(-31.35,-12.35,4.6));
#1782 = DIRECTION('',(1.,0.,-0.));
#1783 = DIRECTION('',(0.,0.,1.));
#1784 = ADVANCED_FACE('',(#1785),#1796,.F.);
#1785 = FACE_BOUND('',#1786,.F.);
#1786 = EDGE_LOOP('',(#1787,#1788,#1789,#1795));
#1787 = ORIENTED_EDGE('',*,*,#1473,.F.);
#1788 = ORIENTED_EDGE('',*,*,#1665,.F.);
#1789 = ORIENTED_EDGE('',*,*,#1790,.T.);
#1790 = EDGE_CURVE('',#1666,#1691,#1791,.T.);
#1791 = LINE('',#1792,#1793);
#1792 = CARTESIAN_POINT('',(31.35,-12.35,4.6));
#1793 = VECTOR('',#1794,1.);
#1794 = DIRECTION('',(-0.,1.,0.));
#1795 = ORIENTED_EDGE('',*,*,#1690,.T.);
#1796 = PLANE('',#1797);
#1797 = AXIS2_PLACEMENT_3D('',#1798,#1799,#1800);
#1798 = CARTESIAN_POINT('',(31.35,-12.35,4.6));
#1799 = DIRECTION('',(1.,0.,-0.));
#1800 = DIRECTION('',(0.,0.,1.));
#1801 = ADVANCED_FACE('',(#1802),#1812,.T.);
#1802 = FACE_BOUND('',#1803,.T.);
#1803 = EDGE_LOOP('',(#1804,#1805,#1806,#1807,#1808,#1809,#1810,#1811));
#1804 = ORIENTED_EDGE('',*,*,#1773,.F.);
#1805 = ORIENTED_EDGE('',*,*,#1617,.T.);
#1806 = ORIENTED_EDGE('',*,*,#1641,.T.);
#1807 = ORIENTED_EDGE('',*,*,#1673,.F.);
#1808 = ORIENTED_EDGE('',*,*,#1790,.T.);
#1809 = ORIENTED_EDGE('',*,*,#1698,.T.);
#1810 = ORIENTED_EDGE('',*,*,#1722,.F.);
#1811 = ORIENTED_EDGE('',*,*,#1754,.F.);
#1812 = PLANE('',#1813);
#1813 = AXIS2_PLACEMENT_3D('',#1814,#1815,#1816);
#1814 = CARTESIAN_POINT('',(-31.35,-12.35,4.6));
#1815 = DIRECTION('',(0.,0.,1.));
#1816 = DIRECTION('',(1.,0.,-0.));
#1817 = MANIFOLD_SOLID_BREP('',#1818);
#1818 = CLOSED_SHELL('',(#1819,#1927,#1960,#1993,#2189,#2214,#2238,#2263
    ,#2287,#2312,#2336,#2354,#2379,#2405,#2600,#2618,#2642,#2658,#2683,
    #2707,#2732,#2749,#2766,#2783,#2815,#2839,#2863,#2888,#2913,#2937,
    #2961,#2979,#2996,#3013,#3031,#3049,#3067,#3085,#3097,#3122,#3154,
    #3178,#3202,#3227,#3252,#3276,#3300,#3318,#3343));
#1819 = ADVANCED_FACE('',(#1820),#1922,.F.);
#1820 = FACE_BOUND('',#1821,.F.);
#1821 = EDGE_LOOP('',(#1822,#1832,#1840,#1848,#1857,#1865,#1874,#1882,
    #1891,#1899,#1908,#1916));
#1822 = ORIENTED_EDGE('',*,*,#1823,.F.);
#1823 = EDGE_CURVE('',#1824,#1826,#1828,.T.);
#1824 = VERTEX_POINT('',#1825);
#1825 = CARTESIAN_POINT('',(-39.,-10.,14.2));
#1826 = VERTEX_POINT('',#1827);
#1827 = CARTESIAN_POINT('',(-39.,10.,14.2));
#1828 = LINE('',#1829,#1830);
#1829 = CARTESIAN_POINT('',(-39.,-10.,14.2));
#1830 = VECTOR('',#1831,1.);
#1831 = DIRECTION('',(-0.,1.,0.));
#1832 = ORIENTED_EDGE('',*,*,#1833,.F.);
#1833 = EDGE_CURVE('',#1834,#1824,#1836,.T.);
#1834 = VERTEX_POINT('',#1835);
#1835 = CARTESIAN_POINT('',(-39.,-10.,9.2));
#1836 = LINE('',#1837,#1838);
#1837 = CARTESIAN_POINT('',(-39.,-10.,9.2));
#1838 = VECTOR('',#1839,1.);
#1839 = DIRECTION('',(0.,0.,1.));
#1840 = ORIENTED_EDGE('',*,*,#1841,.T.);
#1841 = EDGE_CURVE('',#1834,#1842,#1844,.T.);
#1842 = VERTEX_POINT('',#1843);
#1843 = CARTESIAN_POINT('',(-39.,-5.53307290077,9.2));
#1844 = LINE('',#1845,#1846);
#1845 = CARTESIAN_POINT('',(-39.,-17.,9.2));
#1846 = VECTOR('',#1847,1.);
#1847 = DIRECTION('',(-0.,1.,0.));
#1848 = ORIENTED_EDGE('',*,*,#1849,.F.);
#1849 = EDGE_CURVE('',#1850,#1842,#1852,.T.);
#1850 = VERTEX_POINT('',#1851);
#1851 = CARTESIAN_POINT('',(-39.,-5.8,10.3));
#1852 = CIRCLE('',#1853,2.4);
#1853 = AXIS2_PLACEMENT_3D('',#1854,#1855,#1856);
#1854 = CARTESIAN_POINT('',(-39.,-3.4,10.3));
#1855 = DIRECTION('',(1.,0.,0.));
#1856 = DIRECTION('',(-0.,0.,1.));
#1857 = ORIENTED_EDGE('',*,*,#1858,.T.);
#1858 = EDGE_CURVE('',#1850,#1859,#1861,.T.);
#1859 = VERTEX_POINT('',#1860);
#1860 = CARTESIAN_POINT('',(-39.,-5.8,11.3));
#1861 = LINE('',#1862,#1863);
#1862 = CARTESIAN_POINT('',(-39.,-5.8,9.75));
#1863 = VECTOR('',#1864,1.);
#1864 = DIRECTION('',(0.,0.,1.));
#1865 = ORIENTED_EDGE('',*,*,#1866,.F.);
#1866 = EDGE_CURVE('',#1867,#1859,#1869,.T.);
#1867 = VERTEX_POINT('',#1868);
#1868 = CARTESIAN_POINT('',(-39.,-3.4,13.7));
#1869 = CIRCLE('',#1870,2.4);
#1870 = AXIS2_PLACEMENT_3D('',#1871,#1872,#1873);
#1871 = CARTESIAN_POINT('',(-39.,-3.4,11.3));
#1872 = DIRECTION('',(1.,0.,0.));
#1873 = DIRECTION('',(-0.,0.,1.));
#1874 = ORIENTED_EDGE('',*,*,#1875,.F.);
#1875 = EDGE_CURVE('',#1876,#1867,#1878,.T.);
#1876 = VERTEX_POINT('',#1877);
#1877 = CARTESIAN_POINT('',(-39.,3.4,13.7));
#1878 = LINE('',#1879,#1880);
#1879 = CARTESIAN_POINT('',(-39.,-10.2,13.7));
#1880 = VECTOR('',#1881,1.);
#1881 = DIRECTION('',(0.,-1.,0.));
#1882 = ORIENTED_EDGE('',*,*,#1883,.F.);
#1883 = EDGE_CURVE('',#1884,#1876,#1886,.T.);
#1884 = VERTEX_POINT('',#1885);
#1885 = CARTESIAN_POINT('',(-39.,5.8,11.3));
#1886 = CIRCLE('',#1887,2.4);
#1887 = AXIS2_PLACEMENT_3D('',#1888,#1889,#1890);
#1888 = CARTESIAN_POINT('',(-39.,3.4,11.3));
#1889 = DIRECTION('',(1.,0.,0.));
#1890 = DIRECTION('',(-0.,0.,1.));
#1891 = ORIENTED_EDGE('',*,*,#1892,.F.);
#1892 = EDGE_CURVE('',#1893,#1884,#1895,.T.);
#1893 = VERTEX_POINT('',#1894);
#1894 = CARTESIAN_POINT('',(-39.,5.8,10.3));
#1895 = LINE('',#1896,#1897);
#1896 = CARTESIAN_POINT('',(-39.,5.8,9.75));
#1897 = VECTOR('',#1898,1.);
#1898 = DIRECTION('',(0.,0.,1.));
#1899 = ORIENTED_EDGE('',*,*,#1900,.F.);
#1900 = EDGE_CURVE('',#1901,#1893,#1903,.T.);
#1901 = VERTEX_POINT('',#1902);
#1902 = CARTESIAN_POINT('',(-39.,5.53307290077,9.2));
#1903 = CIRCLE('',#1904,2.4);
#1904 = AXIS2_PLACEMENT_3D('',#1905,#1906,#1907);
#1905 = CARTESIAN_POINT('',(-39.,3.4,10.3));
#1906 = DIRECTION('',(1.,0.,0.));
#1907 = DIRECTION('',(-0.,0.,1.));
#1908 = ORIENTED_EDGE('',*,*,#1909,.T.);
#1909 = EDGE_CURVE('',#1901,#1910,#1912,.T.);
#1910 = VERTEX_POINT('',#1911);
#1911 = CARTESIAN_POINT('',(-39.,10.,9.2));
#1912 = LINE('',#1913,#1914);
#1913 = CARTESIAN_POINT('',(-39.,-17.,9.2));
#1914 = VECTOR('',#1915,1.);
#1915 = DIRECTION('',(-0.,1.,0.));
#1916 = ORIENTED_EDGE('',*,*,#1917,.T.);
#1917 = EDGE_CURVE('',#1910,#1826,#1918,.T.);
#1918 = LINE('',#1919,#1920);
#1919 = CARTESIAN_POINT('',(-39.,10.,9.2));
#1920 = VECTOR('',#1921,1.);
#1921 = DIRECTION('',(0.,0.,1.));
#1922 = PLANE('',#1923);
#1923 = AXIS2_PLACEMENT_3D('',#1924,#1925,#1926);
#1924 = CARTESIAN_POINT('',(-39.,-17.,9.2));
#1925 = DIRECTION('',(1.,0.,-0.));
#1926 = DIRECTION('',(0.,0.,1.));
#1927 = ADVANCED_FACE('',(#1928),#1955,.T.);
#1928 = FACE_BOUND('',#1929,.T.);
#1929 = EDGE_LOOP('',(#1930,#1939,#1947,#1954));
#1930 = ORIENTED_EDGE('',*,*,#1931,.T.);
#1931 = EDGE_CURVE('',#1824,#1932,#1934,.T.);
#1932 = VERTEX_POINT('',#1933);
#1933 = CARTESIAN_POINT('',(-37.4,-10.,15.8));
#1934 = CIRCLE('',#1935,1.6);
#1935 = AXIS2_PLACEMENT_3D('',#1936,#1937,#1938);
#1936 = CARTESIAN_POINT('',(-37.4,-10.,14.2));
#1937 = DIRECTION('',(-0.,1.,0.));
#1938 = DIRECTION('',(-1.,-0.,0.));
#1939 = ORIENTED_EDGE('',*,*,#1940,.T.);
#1940 = EDGE_CURVE('',#1932,#1941,#1943,.T.);
#1941 = VERTEX_POINT('',#1942);
#1942 = CARTESIAN_POINT('',(-37.4,10.,15.8));
#1943 = LINE('',#1944,#1945);
#1944 = CARTESIAN_POINT('',(-37.4,-10.,15.8));
#1945 = VECTOR('',#1946,1.);
#1946 = DIRECTION('',(-0.,1.,0.));
#1947 = ORIENTED_EDGE('',*,*,#1948,.F.);
#1948 = EDGE_CURVE('',#1826,#1941,#1949,.T.);
#1949 = CIRCLE('',#1950,1.6);
#1950 = AXIS2_PLACEMENT_3D('',#1951,#1952,#1953);
#1951 = CARTESIAN_POINT('',(-37.4,10.,14.2));
#1952 = DIRECTION('',(-0.,1.,0.));
#1953 = DIRECTION('',(-1.,-0.,0.));
#1954 = ORIENTED_EDGE('',*,*,#1823,.F.);
#1955 = CYLINDRICAL_SURFACE('',#1956,1.6);
#1956 = AXIS2_PLACEMENT_3D('',#1957,#1958,#1959);
#1957 = CARTESIAN_POINT('',(-37.4,-10.,14.2));
#1958 = DIRECTION('',(-0.,1.,0.));
#1959 = DIRECTION('',(-1.,-0.,0.));
#1960 = ADVANCED_FACE('',(#1961),#1988,.T.);
#1961 = FACE_BOUND('',#1962,.F.);
#1962 = EDGE_LOOP('',(#1963,#1964,#1973,#1981));
#1963 = ORIENTED_EDGE('',*,*,#1917,.F.);
#1964 = ORIENTED_EDGE('',*,*,#1965,.T.);
#1965 = EDGE_CURVE('',#1910,#1966,#1968,.T.);
#1966 = VERTEX_POINT('',#1967);
#1967 = CARTESIAN_POINT('',(-32.,17.,9.2));
#1968 = CIRCLE('',#1969,7.);
#1969 = AXIS2_PLACEMENT_3D('',#1970,#1971,#1972);
#1970 = CARTESIAN_POINT('',(-32.,10.,9.2));
#1971 = DIRECTION('',(-0.,-0.,-1.));
#1972 = DIRECTION('',(0.,-1.,0.));
#1973 = ORIENTED_EDGE('',*,*,#1974,.T.);
#1974 = EDGE_CURVE('',#1966,#1975,#1977,.T.);
#1975 = VERTEX_POINT('',#1976);
#1976 = CARTESIAN_POINT('',(-32.,17.,14.2));
#1977 = LINE('',#1978,#1979);
#1978 = CARTESIAN_POINT('',(-32.,17.,9.2));
#1979 = VECTOR('',#1980,1.);
#1980 = DIRECTION('',(0.,0.,1.));
#1981 = ORIENTED_EDGE('',*,*,#1982,.F.);
#1982 = EDGE_CURVE('',#1826,#1975,#1983,.T.);
#1983 = CIRCLE('',#1984,7.);
#1984 = AXIS2_PLACEMENT_3D('',#1985,#1986,#1987);
#1985 = CARTESIAN_POINT('',(-32.,10.,14.2));
#1986 = DIRECTION('',(-0.,0.,-1.));
#1987 = DIRECTION('',(-1.,0.,0.));
#1988 = CYLINDRICAL_SURFACE('',#1989,7.);
#1989 = AXIS2_PLACEMENT_3D('',#1990,#1991,#1992);
#1990 = CARTESIAN_POINT('',(-32.,10.,9.2));
#1991 = DIRECTION('',(0.,0.,1.));
#1992 = DIRECTION('',(-1.,-0.,0.));
#1993 = ADVANCED_FACE('',(#1994,#2070,#2081,#2092,#2162,#2173),#2184,.F.
  );
#1994 = FACE_BOUND('',#1995,.F.);
#1995 = EDGE_LOOP('',(#1996,#1997,#2006,#2014,#2023,#2031,#2040,#2046,
    #2047,#2048,#2056,#2064));
#1996 = ORIENTED_EDGE('',*,*,#1841,.F.);
#1997 = ORIENTED_EDGE('',*,*,#1998,.T.);
#1998 = EDGE_CURVE('',#1834,#1999,#2001,.T.);
#1999 = VERTEX_POINT('',#2000);
#2000 = CARTESIAN_POINT('',(-32.,-17.,9.2));
#2001 = CIRCLE('',#2002,7.);
#2002 = AXIS2_PLACEMENT_3D('',#2003,#2004,#2005);
#2003 = CARTESIAN_POINT('',(-32.,-10.,9.2));
#2004 = DIRECTION('',(0.,0.,1.));
#2005 = DIRECTION('',(0.,-1.,0.));
#2006 = ORIENTED_EDGE('',*,*,#2007,.T.);
#2007 = EDGE_CURVE('',#1999,#2008,#2010,.T.);
#2008 = VERTEX_POINT('',#2009);
#2009 = CARTESIAN_POINT('',(32.,-17.,9.2));
#2010 = LINE('',#2011,#2012);
#2011 = CARTESIAN_POINT('',(-39.,-17.,9.2));
#2012 = VECTOR('',#2013,1.);
#2013 = DIRECTION('',(1.,0.,-0.));
#2014 = ORIENTED_EDGE('',*,*,#2015,.F.);
#2015 = EDGE_CURVE('',#2016,#2008,#2018,.T.);
#2016 = VERTEX_POINT('',#2017);
#2017 = CARTESIAN_POINT('',(39.,-10.,9.2));
#2018 = CIRCLE('',#2019,7.);
#2019 = AXIS2_PLACEMENT_3D('',#2020,#2021,#2022);
#2020 = CARTESIAN_POINT('',(32.,-10.,9.2));
#2021 = DIRECTION('',(-0.,-0.,-1.));
#2022 = DIRECTION('',(0.,-1.,0.));
#2023 = ORIENTED_EDGE('',*,*,#2024,.T.);
#2024 = EDGE_CURVE('',#2016,#2025,#2027,.T.);
#2025 = VERTEX_POINT('',#2026);
#2026 = CARTESIAN_POINT('',(39.,10.,9.2));
#2027 = LINE('',#2028,#2029);
#2028 = CARTESIAN_POINT('',(39.,-17.,9.2));
#2029 = VECTOR('',#2030,1.);
#2030 = DIRECTION('',(-0.,1.,0.));
#2031 = ORIENTED_EDGE('',*,*,#2032,.T.);
#2032 = EDGE_CURVE('',#2025,#2033,#2035,.T.);
#2033 = VERTEX_POINT('',#2034);
#2034 = CARTESIAN_POINT('',(32.,17.,9.2));
#2035 = CIRCLE('',#2036,7.);
#2036 = AXIS2_PLACEMENT_3D('',#2037,#2038,#2039);
#2037 = CARTESIAN_POINT('',(32.,10.,9.2));
#2038 = DIRECTION('',(0.,0.,1.));
#2039 = DIRECTION('',(0.,-1.,0.));
#2040 = ORIENTED_EDGE('',*,*,#2041,.F.);
#2041 = EDGE_CURVE('',#1966,#2033,#2042,.T.);
#2042 = LINE('',#2043,#2044);
#2043 = CARTESIAN_POINT('',(-39.,17.,9.2));
#2044 = VECTOR('',#2045,1.);
#2045 = DIRECTION('',(1.,0.,-0.));
#2046 = ORIENTED_EDGE('',*,*,#1965,.F.);
#2047 = ORIENTED_EDGE('',*,*,#1909,.F.);
#2048 = ORIENTED_EDGE('',*,*,#2049,.T.);
#2049 = EDGE_CURVE('',#1901,#2050,#2052,.T.);
#2050 = VERTEX_POINT('',#2051);
#2051 = CARTESIAN_POINT('',(-33.,5.53307290077,9.2));
#2052 = LINE('',#2053,#2054);
#2053 = CARTESIAN_POINT('',(-41.,5.53307290077,9.2));
#2054 = VECTOR('',#2055,1.);
#2055 = DIRECTION('',(1.,0.,0.));
#2056 = ORIENTED_EDGE('',*,*,#2057,.F.);
#2057 = EDGE_CURVE('',#2058,#2050,#2060,.T.);
#2058 = VERTEX_POINT('',#2059);
#2059 = CARTESIAN_POINT('',(-33.,-5.53307290077,9.2));
#2060 = LINE('',#2061,#2062);
#2061 = CARTESIAN_POINT('',(-33.,-8.5,9.2));
#2062 = VECTOR('',#2063,1.);
#2063 = DIRECTION('',(0.,1.,0.));
#2064 = ORIENTED_EDGE('',*,*,#2065,.F.);
#2065 = EDGE_CURVE('',#1842,#2058,#2066,.T.);
#2066 = LINE('',#2067,#2068);
#2067 = CARTESIAN_POINT('',(-41.,-5.53307290077,9.2));
#2068 = VECTOR('',#2069,1.);
#2069 = DIRECTION('',(1.,0.,0.));
#2070 = FACE_BOUND('',#2071,.F.);
#2071 = EDGE_LOOP('',(#2072));
#2072 = ORIENTED_EDGE('',*,*,#2073,.F.);
#2073 = EDGE_CURVE('',#2074,#2074,#2076,.T.);
#2074 = VERTEX_POINT('',#2075);
#2075 = CARTESIAN_POINT('',(-34.15,-11.,9.2));
#2076 = CIRCLE('',#2077,0.85);
#2077 = AXIS2_PLACEMENT_3D('',#2078,#2079,#2080);
#2078 = CARTESIAN_POINT('',(-35.,-11.,9.2));
#2079 = DIRECTION('',(0.,0.,1.));
#2080 = DIRECTION('',(1.,0.,-0.));
#2081 = FACE_BOUND('',#2082,.F.);
#2082 = EDGE_LOOP('',(#2083));
#2083 = ORIENTED_EDGE('',*,*,#2084,.F.);
#2084 = EDGE_CURVE('',#2085,#2085,#2087,.T.);
#2085 = VERTEX_POINT('',#2086);
#2086 = CARTESIAN_POINT('',(35.85,-11.,9.2));
#2087 = CIRCLE('',#2088,0.85);
#2088 = AXIS2_PLACEMENT_3D('',#2089,#2090,#2091);
#2089 = CARTESIAN_POINT('',(35.,-11.,9.2));
#2090 = DIRECTION('',(0.,0.,1.));
#2091 = DIRECTION('',(1.,0.,-0.));
#2092 = FACE_BOUND('',#2093,.F.);
#2093 = EDGE_LOOP('',(#2094,#2105,#2113,#2122,#2130,#2139,#2147,#2156));
#2094 = ORIENTED_EDGE('',*,*,#2095,.F.);
#2095 = EDGE_CURVE('',#2096,#2098,#2100,.T.);
#2096 = VERTEX_POINT('',#2097);
#2097 = CARTESIAN_POINT('',(-31.35,-12.35,9.2));
#2098 = VERTEX_POINT('',#2099);
#2099 = CARTESIAN_POINT('',(-30.35,-13.35,9.2));
#2100 = CIRCLE('',#2101,1.);
#2101 = AXIS2_PLACEMENT_3D('',#2102,#2103,#2104);
#2102 = CARTESIAN_POINT('',(-30.35,-12.35,9.2));
#2103 = DIRECTION('',(0.,0.,1.));
#2104 = DIRECTION('',(-1.,-0.,0.));
#2105 = ORIENTED_EDGE('',*,*,#2106,.T.);
#2106 = EDGE_CURVE('',#2096,#2107,#2109,.T.);
#2107 = VERTEX_POINT('',#2108);
#2108 = CARTESIAN_POINT('',(-31.35,12.35,9.2));
#2109 = LINE('',#2110,#2111);
#2110 = CARTESIAN_POINT('',(-31.35,-15.175,9.2));
#2111 = VECTOR('',#2112,1.);
#2112 = DIRECTION('',(-0.,1.,0.));
#2113 = ORIENTED_EDGE('',*,*,#2114,.F.);
#2114 = EDGE_CURVE('',#2115,#2107,#2117,.T.);
#2115 = VERTEX_POINT('',#2116);
#2116 = CARTESIAN_POINT('',(-30.35,13.35,9.2));
#2117 = CIRCLE('',#2118,1.);
#2118 = AXIS2_PLACEMENT_3D('',#2119,#2120,#2121);
#2119 = CARTESIAN_POINT('',(-30.35,12.35,9.2));
#2120 = DIRECTION('',(0.,0.,1.));
#2121 = DIRECTION('',(-1.,-0.,0.));
#2122 = ORIENTED_EDGE('',*,*,#2123,.F.);
#2123 = EDGE_CURVE('',#2124,#2115,#2126,.T.);
#2124 = VERTEX_POINT('',#2125);
#2125 = CARTESIAN_POINT('',(30.35,13.35,9.2));
#2126 = LINE('',#2127,#2128);
#2127 = CARTESIAN_POINT('',(-35.175,13.35,9.2));
#2128 = VECTOR('',#2129,1.);
#2129 = DIRECTION('',(-1.,-0.,0.));
#2130 = ORIENTED_EDGE('',*,*,#2131,.F.);
#2131 = EDGE_CURVE('',#2132,#2124,#2134,.T.);
#2132 = VERTEX_POINT('',#2133);
#2133 = CARTESIAN_POINT('',(31.35,12.35,9.2));
#2134 = CIRCLE('',#2135,1.);
#2135 = AXIS2_PLACEMENT_3D('',#2136,#2137,#2138);
#2136 = CARTESIAN_POINT('',(30.35,12.35,9.2));
#2137 = DIRECTION('',(0.,0.,1.));
#2138 = DIRECTION('',(1.,0.,-0.));
#2139 = ORIENTED_EDGE('',*,*,#2140,.F.);
#2140 = EDGE_CURVE('',#2141,#2132,#2143,.T.);
#2141 = VERTEX_POINT('',#2142);
#2142 = CARTESIAN_POINT('',(31.35,-12.35,9.2));
#2143 = LINE('',#2144,#2145);
#2144 = CARTESIAN_POINT('',(31.35,-15.175,9.2));
#2145 = VECTOR('',#2146,1.);
#2146 = DIRECTION('',(-0.,1.,0.));
#2147 = ORIENTED_EDGE('',*,*,#2148,.F.);
#2148 = EDGE_CURVE('',#2149,#2141,#2151,.T.);
#2149 = VERTEX_POINT('',#2150);
#2150 = CARTESIAN_POINT('',(30.35,-13.35,9.2));
#2151 = CIRCLE('',#2152,1.);
#2152 = AXIS2_PLACEMENT_3D('',#2153,#2154,#2155);
#2153 = CARTESIAN_POINT('',(30.35,-12.35,9.2));
#2154 = DIRECTION('',(0.,0.,1.));
#2155 = DIRECTION('',(1.,0.,-0.));
#2156 = ORIENTED_EDGE('',*,*,#2157,.T.);
#2157 = EDGE_CURVE('',#2149,#2098,#2158,.T.);
#2158 = LINE('',#2159,#2160);
#2159 = CARTESIAN_POINT('',(-35.175,-13.35,9.2));
#2160 = VECTOR('',#2161,1.);
#2161 = DIRECTION('',(-1.,-0.,0.));
#2162 = FACE_BOUND('',#2163,.F.);
#2163 = EDGE_LOOP('',(#2164));
#2164 = ORIENTED_EDGE('',*,*,#2165,.F.);
#2165 = EDGE_CURVE('',#2166,#2166,#2168,.T.);
#2166 = VERTEX_POINT('',#2167);
#2167 = CARTESIAN_POINT('',(-34.15,11.,9.2));
#2168 = CIRCLE('',#2169,0.85);
#2169 = AXIS2_PLACEMENT_3D('',#2170,#2171,#2172);
#2170 = CARTESIAN_POINT('',(-35.,11.,9.2));
#2171 = DIRECTION('',(0.,0.,1.));
#2172 = DIRECTION('',(1.,0.,-0.));
#2173 = FACE_BOUND('',#2174,.F.);
#2174 = EDGE_LOOP('',(#2175));
#2175 = ORIENTED_EDGE('',*,*,#2176,.F.);
#2176 = EDGE_CURVE('',#2177,#2177,#2179,.T.);
#2177 = VERTEX_POINT('',#2178);
#2178 = CARTESIAN_POINT('',(35.85,11.,9.2));
#2179 = CIRCLE('',#2180,0.85);
#2180 = AXIS2_PLACEMENT_3D('',#2181,#2182,#2183);
#2181 = CARTESIAN_POINT('',(35.,11.,9.2));
#2182 = DIRECTION('',(0.,0.,1.));
#2183 = DIRECTION('',(1.,0.,-0.));
#2184 = PLANE('',#2185);
#2185 = AXIS2_PLACEMENT_3D('',#2186,#2187,#2188);
#2186 = CARTESIAN_POINT('',(-39.,-17.,9.2));
#2187 = DIRECTION('',(0.,0.,1.));
#2188 = DIRECTION('',(1.,0.,-0.));
#2189 = ADVANCED_FACE('',(#2190),#2209,.F.);
#2190 = FACE_BOUND('',#2191,.F.);
#2191 = EDGE_LOOP('',(#2192,#2193,#2201,#2208));
#2192 = ORIENTED_EDGE('',*,*,#1900,.T.);
#2193 = ORIENTED_EDGE('',*,*,#2194,.T.);
#2194 = EDGE_CURVE('',#1893,#2195,#2197,.T.);
#2195 = VERTEX_POINT('',#2196);
#2196 = CARTESIAN_POINT('',(-33.,5.8,10.3));
#2197 = LINE('',#2198,#2199);
#2198 = CARTESIAN_POINT('',(-41.,5.8,10.3));
#2199 = VECTOR('',#2200,1.);
#2200 = DIRECTION('',(1.,0.,-0.));
#2201 = ORIENTED_EDGE('',*,*,#2202,.F.);
#2202 = EDGE_CURVE('',#2050,#2195,#2203,.T.);
#2203 = CIRCLE('',#2204,2.4);
#2204 = AXIS2_PLACEMENT_3D('',#2205,#2206,#2207);
#2205 = CARTESIAN_POINT('',(-33.,3.4,10.3));
#2206 = DIRECTION('',(1.,0.,0.));
#2207 = DIRECTION('',(-0.,0.,1.));
#2208 = ORIENTED_EDGE('',*,*,#2049,.F.);
#2209 = CYLINDRICAL_SURFACE('',#2210,2.4);
#2210 = AXIS2_PLACEMENT_3D('',#2211,#2212,#2213);
#2211 = CARTESIAN_POINT('',(-41.,3.4,10.3));
#2212 = DIRECTION('',(1.,0.,0.));
#2213 = DIRECTION('',(-0.,0.,1.));
#2214 = ADVANCED_FACE('',(#2215),#2233,.F.);
#2215 = FACE_BOUND('',#2216,.F.);
#2216 = EDGE_LOOP('',(#2217,#2218,#2219,#2227));
#2217 = ORIENTED_EDGE('',*,*,#2194,.F.);
#2218 = ORIENTED_EDGE('',*,*,#1892,.T.);
#2219 = ORIENTED_EDGE('',*,*,#2220,.T.);
#2220 = EDGE_CURVE('',#1884,#2221,#2223,.T.);
#2221 = VERTEX_POINT('',#2222);
#2222 = CARTESIAN_POINT('',(-33.,5.8,11.3));
#2223 = LINE('',#2224,#2225);
#2224 = CARTESIAN_POINT('',(-41.,5.8,11.3));
#2225 = VECTOR('',#2226,1.);
#2226 = DIRECTION('',(1.,0.,-0.));
#2227 = ORIENTED_EDGE('',*,*,#2228,.F.);
#2228 = EDGE_CURVE('',#2195,#2221,#2229,.T.);
#2229 = LINE('',#2230,#2231);
#2230 = CARTESIAN_POINT('',(-33.,5.8,10.3));
#2231 = VECTOR('',#2232,1.);
#2232 = DIRECTION('',(0.,0.,1.));
#2233 = PLANE('',#2234);
#2234 = AXIS2_PLACEMENT_3D('',#2235,#2236,#2237);
#2235 = CARTESIAN_POINT('',(-41.,5.8,10.3));
#2236 = DIRECTION('',(-0.,1.,0.));
#2237 = DIRECTION('',(0.,0.,1.));
#2238 = ADVANCED_FACE('',(#2239),#2258,.F.);
#2239 = FACE_BOUND('',#2240,.F.);
#2240 = EDGE_LOOP('',(#2241,#2242,#2250,#2257));
#2241 = ORIENTED_EDGE('',*,*,#1883,.T.);
#2242 = ORIENTED_EDGE('',*,*,#2243,.T.);
#2243 = EDGE_CURVE('',#1876,#2244,#2246,.T.);
#2244 = VERTEX_POINT('',#2245);
#2245 = CARTESIAN_POINT('',(-33.,3.4,13.7));
#2246 = LINE('',#2247,#2248);
#2247 = CARTESIAN_POINT('',(-41.,3.4,13.7));
#2248 = VECTOR('',#2249,1.);
#2249 = DIRECTION('',(1.,0.,0.));
#2250 = ORIENTED_EDGE('',*,*,#2251,.F.);
#2251 = EDGE_CURVE('',#2221,#2244,#2252,.T.);
#2252 = CIRCLE('',#2253,2.4);
#2253 = AXIS2_PLACEMENT_3D('',#2254,#2255,#2256);
#2254 = CARTESIAN_POINT('',(-33.,3.4,11.3));
#2255 = DIRECTION('',(1.,0.,0.));
#2256 = DIRECTION('',(-0.,0.,1.));
#2257 = ORIENTED_EDGE('',*,*,#2220,.F.);
#2258 = CYLINDRICAL_SURFACE('',#2259,2.4);
#2259 = AXIS2_PLACEMENT_3D('',#2260,#2261,#2262);
#2260 = CARTESIAN_POINT('',(-41.,3.4,11.3));
#2261 = DIRECTION('',(1.,0.,0.));
#2262 = DIRECTION('',(-0.,0.,1.));
#2263 = ADVANCED_FACE('',(#2264),#2282,.F.);
#2264 = FACE_BOUND('',#2265,.F.);
#2265 = EDGE_LOOP('',(#2266,#2267,#2275,#2281));
#2266 = ORIENTED_EDGE('',*,*,#1875,.T.);
#2267 = ORIENTED_EDGE('',*,*,#2268,.T.);
#2268 = EDGE_CURVE('',#1867,#2269,#2271,.T.);
#2269 = VERTEX_POINT('',#2270);
#2270 = CARTESIAN_POINT('',(-33.,-3.4,13.7));
#2271 = LINE('',#2272,#2273);
#2272 = CARTESIAN_POINT('',(-41.,-3.4,13.7));
#2273 = VECTOR('',#2274,1.);
#2274 = DIRECTION('',(1.,0.,0.));
#2275 = ORIENTED_EDGE('',*,*,#2276,.T.);
#2276 = EDGE_CURVE('',#2269,#2244,#2277,.T.);
#2277 = LINE('',#2278,#2279);
#2278 = CARTESIAN_POINT('',(-33.,-3.4,13.7));
#2279 = VECTOR('',#2280,1.);
#2280 = DIRECTION('',(-0.,1.,0.));
#2281 = ORIENTED_EDGE('',*,*,#2243,.F.);
#2282 = PLANE('',#2283);
#2283 = AXIS2_PLACEMENT_3D('',#2284,#2285,#2286);
#2284 = CARTESIAN_POINT('',(-41.,-3.4,13.7));
#2285 = DIRECTION('',(0.,0.,1.));
#2286 = DIRECTION('',(1.,0.,-0.));
#2287 = ADVANCED_FACE('',(#2288),#2307,.F.);
#2288 = FACE_BOUND('',#2289,.F.);
#2289 = EDGE_LOOP('',(#2290,#2299,#2300,#2301));
#2290 = ORIENTED_EDGE('',*,*,#2291,.F.);
#2291 = EDGE_CURVE('',#2269,#2292,#2294,.T.);
#2292 = VERTEX_POINT('',#2293);
#2293 = CARTESIAN_POINT('',(-33.,-5.8,11.3));
#2294 = CIRCLE('',#2295,2.4);
#2295 = AXIS2_PLACEMENT_3D('',#2296,#2297,#2298);
#2296 = CARTESIAN_POINT('',(-33.,-3.4,11.3));
#2297 = DIRECTION('',(1.,0.,0.));
#2298 = DIRECTION('',(-0.,0.,1.));
#2299 = ORIENTED_EDGE('',*,*,#2268,.F.);
#2300 = ORIENTED_EDGE('',*,*,#1866,.T.);
#2301 = ORIENTED_EDGE('',*,*,#2302,.T.);
#2302 = EDGE_CURVE('',#1859,#2292,#2303,.T.);
#2303 = LINE('',#2304,#2305);
#2304 = CARTESIAN_POINT('',(-41.,-5.8,11.3));
#2305 = VECTOR('',#2306,1.);
#2306 = DIRECTION('',(1.,0.,-0.));
#2307 = CYLINDRICAL_SURFACE('',#2308,2.4);
#2308 = AXIS2_PLACEMENT_3D('',#2309,#2310,#2311);
#2309 = CARTESIAN_POINT('',(-41.,-3.4,11.3));
#2310 = DIRECTION('',(1.,0.,0.));
#2311 = DIRECTION('',(-0.,0.,1.));
#2312 = ADVANCED_FACE('',(#2313),#2331,.T.);
#2313 = FACE_BOUND('',#2314,.T.);
#2314 = EDGE_LOOP('',(#2315,#2323,#2324,#2325));
#2315 = ORIENTED_EDGE('',*,*,#2316,.F.);
#2316 = EDGE_CURVE('',#1850,#2317,#2319,.T.);
#2317 = VERTEX_POINT('',#2318);
#2318 = CARTESIAN_POINT('',(-33.,-5.8,10.3));
#2319 = LINE('',#2320,#2321);
#2320 = CARTESIAN_POINT('',(-41.,-5.8,10.3));
#2321 = VECTOR('',#2322,1.);
#2322 = DIRECTION('',(1.,0.,-0.));
#2323 = ORIENTED_EDGE('',*,*,#1858,.T.);
#2324 = ORIENTED_EDGE('',*,*,#2302,.T.);
#2325 = ORIENTED_EDGE('',*,*,#2326,.F.);
#2326 = EDGE_CURVE('',#2317,#2292,#2327,.T.);
#2327 = LINE('',#2328,#2329);
#2328 = CARTESIAN_POINT('',(-33.,-5.8,10.3));
#2329 = VECTOR('',#2330,1.);
#2330 = DIRECTION('',(0.,0.,1.));
#2331 = PLANE('',#2332);
#2332 = AXIS2_PLACEMENT_3D('',#2333,#2334,#2335);
#2333 = CARTESIAN_POINT('',(-41.,-5.8,10.3));
#2334 = DIRECTION('',(-0.,1.,0.));
#2335 = DIRECTION('',(0.,0.,1.));
#2336 = ADVANCED_FACE('',(#2337),#2349,.F.);
#2337 = FACE_BOUND('',#2338,.F.);
#2338 = EDGE_LOOP('',(#2339,#2346,#2347,#2348));
#2339 = ORIENTED_EDGE('',*,*,#2340,.F.);
#2340 = EDGE_CURVE('',#2317,#2058,#2341,.T.);
#2341 = CIRCLE('',#2342,2.4);
#2342 = AXIS2_PLACEMENT_3D('',#2343,#2344,#2345);
#2343 = CARTESIAN_POINT('',(-33.,-3.4,10.3));
#2344 = DIRECTION('',(1.,0.,0.));
#2345 = DIRECTION('',(-0.,0.,1.));
#2346 = ORIENTED_EDGE('',*,*,#2316,.F.);
#2347 = ORIENTED_EDGE('',*,*,#1849,.T.);
#2348 = ORIENTED_EDGE('',*,*,#2065,.T.);
#2349 = CYLINDRICAL_SURFACE('',#2350,2.4);
#2350 = AXIS2_PLACEMENT_3D('',#2351,#2352,#2353);
#2351 = CARTESIAN_POINT('',(-41.,-3.4,10.3));
#2352 = DIRECTION('',(1.,0.,0.));
#2353 = DIRECTION('',(-0.,0.,1.));
#2354 = ADVANCED_FACE('',(#2355),#2374,.T.);
#2355 = FACE_BOUND('',#2356,.T.);
#2356 = EDGE_LOOP('',(#2357,#2358,#2359,#2367));
#2357 = ORIENTED_EDGE('',*,*,#1833,.F.);
#2358 = ORIENTED_EDGE('',*,*,#1998,.T.);
#2359 = ORIENTED_EDGE('',*,*,#2360,.T.);
#2360 = EDGE_CURVE('',#1999,#2361,#2363,.T.);
#2361 = VERTEX_POINT('',#2362);
#2362 = CARTESIAN_POINT('',(-32.,-17.,14.2));
#2363 = LINE('',#2364,#2365);
#2364 = CARTESIAN_POINT('',(-32.,-17.,9.2));
#2365 = VECTOR('',#2366,1.);
#2366 = DIRECTION('',(0.,0.,1.));
#2367 = ORIENTED_EDGE('',*,*,#2368,.T.);
#2368 = EDGE_CURVE('',#2361,#1824,#2369,.T.);
#2369 = CIRCLE('',#2370,7.);
#2370 = AXIS2_PLACEMENT_3D('',#2371,#2372,#2373);
#2371 = CARTESIAN_POINT('',(-32.,-10.,14.2));
#2372 = DIRECTION('',(-0.,-0.,-1.));
#2373 = DIRECTION('',(0.,-1.,0.));
#2374 = CYLINDRICAL_SURFACE('',#2375,7.);
#2375 = AXIS2_PLACEMENT_3D('',#2376,#2377,#2378);
#2376 = CARTESIAN_POINT('',(-32.,-10.,9.2));
#2377 = DIRECTION('',(0.,0.,1.));
#2378 = DIRECTION('',(-1.,-0.,0.));
#2379 = ADVANCED_FACE('',(#2380),#2400,.T.);
#2380 = FACE_BOUND('',#2381,.F.);
#2381 = EDGE_LOOP('',(#2382,#2391,#2392,#2393));
#2382 = ORIENTED_EDGE('',*,*,#2383,.F.);
#2383 = EDGE_CURVE('',#2361,#2384,#2386,.T.);
#2384 = VERTEX_POINT('',#2385);
#2385 = CARTESIAN_POINT('',(-32.,-15.4,15.8));
#2386 = CIRCLE('',#2387,1.6);
#2387 = AXIS2_PLACEMENT_3D('',#2388,#2389,#2390);
#2388 = CARTESIAN_POINT('',(-32.,-15.4,14.2));
#2389 = DIRECTION('',(-1.,-0.,0.));
#2390 = DIRECTION('',(0.,-1.,-0.));
#2391 = ORIENTED_EDGE('',*,*,#2368,.T.);
#2392 = ORIENTED_EDGE('',*,*,#1931,.T.);
#2393 = ORIENTED_EDGE('',*,*,#2394,.F.);
#2394 = EDGE_CURVE('',#2384,#1932,#2395,.T.);
#2395 = CIRCLE('',#2396,5.4);
#2396 = AXIS2_PLACEMENT_3D('',#2397,#2398,#2399);
#2397 = CARTESIAN_POINT('',(-32.,-10.,15.8));
#2398 = DIRECTION('',(-0.,-0.,-1.));
#2399 = DIRECTION('',(0.,-1.,0.));
#2400 = TOROIDAL_SURFACE('',#2401,5.4,1.6);
#2401 = AXIS2_PLACEMENT_3D('',#2402,#2403,#2404);
#2402 = CARTESIAN_POINT('',(-32.,-10.,14.2));
#2403 = DIRECTION('',(0.,0.,1.));
#2404 = DIRECTION('',(0.,-1.,0.));
#2405 = ADVANCED_FACE('',(#2406,#2459,#2470,#2481,#2492,#2562,#2573,
    #2584),#2595,.T.);
#2406 = FACE_BOUND('',#2407,.T.);
#2407 = EDGE_LOOP('',(#2408,#2409,#2410,#2418,#2427,#2435,#2444,#2452));
#2408 = ORIENTED_EDGE('',*,*,#1940,.F.);
#2409 = ORIENTED_EDGE('',*,*,#2394,.F.);
#2410 = ORIENTED_EDGE('',*,*,#2411,.F.);
#2411 = EDGE_CURVE('',#2412,#2384,#2414,.T.);
#2412 = VERTEX_POINT('',#2413);
#2413 = CARTESIAN_POINT('',(32.,-15.4,15.8));
#2414 = LINE('',#2415,#2416);
#2415 = CARTESIAN_POINT('',(32.,-15.4,15.8));
#2416 = VECTOR('',#2417,1.);
#2417 = DIRECTION('',(-1.,-0.,0.));
#2418 = ORIENTED_EDGE('',*,*,#2419,.F.);
#2419 = EDGE_CURVE('',#2420,#2412,#2422,.T.);
#2420 = VERTEX_POINT('',#2421);
#2421 = CARTESIAN_POINT('',(37.4,-10.,15.8));
#2422 = CIRCLE('',#2423,5.4);
#2423 = AXIS2_PLACEMENT_3D('',#2424,#2425,#2426);
#2424 = CARTESIAN_POINT('',(32.,-10.,15.8));
#2425 = DIRECTION('',(0.,-0.,-1.));
#2426 = DIRECTION('',(1.,0.,-0.));
#2427 = ORIENTED_EDGE('',*,*,#2428,.F.);
#2428 = EDGE_CURVE('',#2429,#2420,#2431,.T.);
#2429 = VERTEX_POINT('',#2430);
#2430 = CARTESIAN_POINT('',(37.4,10.,15.8));
#2431 = LINE('',#2432,#2433);
#2432 = CARTESIAN_POINT('',(37.4,10.,15.8));
#2433 = VECTOR('',#2434,1.);
#2434 = DIRECTION('',(0.,-1.,-0.));
#2435 = ORIENTED_EDGE('',*,*,#2436,.F.);
#2436 = EDGE_CURVE('',#2437,#2429,#2439,.T.);
#2437 = VERTEX_POINT('',#2438);
#2438 = CARTESIAN_POINT('',(32.,15.4,15.8));
#2439 = CIRCLE('',#2440,5.4);
#2440 = AXIS2_PLACEMENT_3D('',#2441,#2442,#2443);
#2441 = CARTESIAN_POINT('',(32.,10.,15.8));
#2442 = DIRECTION('',(0.,-0.,-1.));
#2443 = DIRECTION('',(0.,1.,-0.));
#2444 = ORIENTED_EDGE('',*,*,#2445,.F.);
#2445 = EDGE_CURVE('',#2446,#2437,#2448,.T.);
#2446 = VERTEX_POINT('',#2447);
#2447 = CARTESIAN_POINT('',(-32.,15.4,15.8));
#2448 = LINE('',#2449,#2450);
#2449 = CARTESIAN_POINT('',(-32.,15.4,15.8));
#2450 = VECTOR('',#2451,1.);
#2451 = DIRECTION('',(1.,0.,-0.));
#2452 = ORIENTED_EDGE('',*,*,#2453,.F.);
#2453 = EDGE_CURVE('',#1941,#2446,#2454,.T.);
#2454 = CIRCLE('',#2455,5.4);
#2455 = AXIS2_PLACEMENT_3D('',#2456,#2457,#2458);
#2456 = CARTESIAN_POINT('',(-32.,10.,15.8));
#2457 = DIRECTION('',(-0.,0.,-1.));
#2458 = DIRECTION('',(-1.,0.,0.));
#2459 = FACE_BOUND('',#2460,.T.);
#2460 = EDGE_LOOP('',(#2461));
#2461 = ORIENTED_EDGE('',*,*,#2462,.F.);
#2462 = EDGE_CURVE('',#2463,#2463,#2465,.T.);
#2463 = VERTEX_POINT('',#2464);
#2464 = CARTESIAN_POINT('',(-34.15,-11.,15.8));
#2465 = CIRCLE('',#2466,0.85);
#2466 = AXIS2_PLACEMENT_3D('',#2467,#2468,#2469);
#2467 = CARTESIAN_POINT('',(-35.,-11.,15.8));
#2468 = DIRECTION('',(0.,0.,1.));
#2469 = DIRECTION('',(1.,0.,-0.));
#2470 = FACE_BOUND('',#2471,.T.);
#2471 = EDGE_LOOP('',(#2472));
#2472 = ORIENTED_EDGE('',*,*,#2473,.F.);
#2473 = EDGE_CURVE('',#2474,#2474,#2476,.T.);
#2474 = VERTEX_POINT('',#2475);
#2475 = CARTESIAN_POINT('',(-24.9,-9.6,15.8));
#2476 = CIRCLE('',#2477,1.7);
#2477 = AXIS2_PLACEMENT_3D('',#2478,#2479,#2480);
#2478 = CARTESIAN_POINT('',(-26.6,-9.6,15.8));
#2479 = DIRECTION('',(0.,0.,1.));
#2480 = DIRECTION('',(1.,0.,-0.));
#2481 = FACE_BOUND('',#2482,.T.);
#2482 = EDGE_LOOP('',(#2483));
#2483 = ORIENTED_EDGE('',*,*,#2484,.F.);
#2484 = EDGE_CURVE('',#2485,#2485,#2487,.T.);
#2485 = VERTEX_POINT('',#2486);
#2486 = CARTESIAN_POINT('',(35.85,-11.,15.8));
#2487 = CIRCLE('',#2488,0.85);
#2488 = AXIS2_PLACEMENT_3D('',#2489,#2490,#2491);
#2489 = CARTESIAN_POINT('',(35.,-11.,15.8));
#2490 = DIRECTION('',(0.,0.,1.));
#2491 = DIRECTION('',(1.,0.,-0.));
#2492 = FACE_BOUND('',#2493,.T.);
#2493 = EDGE_LOOP('',(#2494,#2505,#2513,#2522,#2530,#2539,#2547,#2556));
#2494 = ORIENTED_EDGE('',*,*,#2495,.F.);
#2495 = EDGE_CURVE('',#2496,#2498,#2500,.T.);
#2496 = VERTEX_POINT('',#2497);
#2497 = CARTESIAN_POINT('',(-18.7,-8.6,15.8));
#2498 = VERTEX_POINT('',#2499);
#2499 = CARTESIAN_POINT('',(-15.5,-11.8,15.8));
#2500 = CIRCLE('',#2501,3.2);
#2501 = AXIS2_PLACEMENT_3D('',#2502,#2503,#2504);
#2502 = CARTESIAN_POINT('',(-15.5,-8.6,15.8));
#2503 = DIRECTION('',(0.,0.,1.));
#2504 = DIRECTION('',(-1.,-0.,0.));
#2505 = ORIENTED_EDGE('',*,*,#2506,.T.);
#2506 = EDGE_CURVE('',#2496,#2507,#2509,.T.);
#2507 = VERTEX_POINT('',#2508);
#2508 = CARTESIAN_POINT('',(-18.7,8.6,15.8));
#2509 = LINE('',#2510,#2511);
#2510 = CARTESIAN_POINT('',(-18.7,-14.4,15.8));
#2511 = VECTOR('',#2512,1.);
#2512 = DIRECTION('',(-0.,1.,0.));
#2513 = ORIENTED_EDGE('',*,*,#2514,.F.);
#2514 = EDGE_CURVE('',#2515,#2507,#2517,.T.);
#2515 = VERTEX_POINT('',#2516);
#2516 = CARTESIAN_POINT('',(-15.5,11.8,15.8));
#2517 = CIRCLE('',#2518,3.2);
#2518 = AXIS2_PLACEMENT_3D('',#2519,#2520,#2521);
#2519 = CARTESIAN_POINT('',(-15.5,8.6,15.8));
#2520 = DIRECTION('',(0.,0.,1.));
#2521 = DIRECTION('',(-1.,-0.,0.));
#2522 = ORIENTED_EDGE('',*,*,#2523,.F.);
#2523 = EDGE_CURVE('',#2524,#2515,#2526,.T.);
#2524 = VERTEX_POINT('',#2525);
#2525 = CARTESIAN_POINT('',(25.5,11.8,15.8));
#2526 = LINE('',#2527,#2528);
#2527 = CARTESIAN_POINT('',(-28.85,11.8,15.8));
#2528 = VECTOR('',#2529,1.);
#2529 = DIRECTION('',(-1.,-0.,0.));
#2530 = ORIENTED_EDGE('',*,*,#2531,.F.);
#2531 = EDGE_CURVE('',#2532,#2524,#2534,.T.);
#2532 = VERTEX_POINT('',#2533);
#2533 = CARTESIAN_POINT('',(28.7,8.6,15.8));
#2534 = CIRCLE('',#2535,3.2);
#2535 = AXIS2_PLACEMENT_3D('',#2536,#2537,#2538);
#2536 = CARTESIAN_POINT('',(25.5,8.6,15.8));
#2537 = DIRECTION('',(0.,0.,1.));
#2538 = DIRECTION('',(1.,0.,-0.));
#2539 = ORIENTED_EDGE('',*,*,#2540,.F.);
#2540 = EDGE_CURVE('',#2541,#2532,#2543,.T.);
#2541 = VERTEX_POINT('',#2542);
#2542 = CARTESIAN_POINT('',(28.7,-8.6,15.8));
#2543 = LINE('',#2544,#2545);
#2544 = CARTESIAN_POINT('',(28.7,-14.4,15.8));
#2545 = VECTOR('',#2546,1.);
#2546 = DIRECTION('',(-0.,1.,0.));
#2547 = ORIENTED_EDGE('',*,*,#2548,.F.);
#2548 = EDGE_CURVE('',#2549,#2541,#2551,.T.);
#2549 = VERTEX_POINT('',#2550);
#2550 = CARTESIAN_POINT('',(25.5,-11.8,15.8));
#2551 = CIRCLE('',#2552,3.2);
#2552 = AXIS2_PLACEMENT_3D('',#2553,#2554,#2555);
#2553 = CARTESIAN_POINT('',(25.5,-8.6,15.8));
#2554 = DIRECTION('',(0.,0.,1.));
#2555 = DIRECTION('',(1.,0.,-0.));
#2556 = ORIENTED_EDGE('',*,*,#2557,.T.);
#2557 = EDGE_CURVE('',#2549,#2498,#2558,.T.);
#2558 = LINE('',#2559,#2560);
#2559 = CARTESIAN_POINT('',(-28.85,-11.8,15.8));
#2560 = VECTOR('',#2561,1.);
#2561 = DIRECTION('',(-1.,-0.,0.));
#2562 = FACE_BOUND('',#2563,.T.);
#2563 = EDGE_LOOP('',(#2564));
#2564 = ORIENTED_EDGE('',*,*,#2565,.F.);
#2565 = EDGE_CURVE('',#2566,#2566,#2568,.T.);
#2566 = VERTEX_POINT('',#2567);
#2567 = CARTESIAN_POINT('',(-34.15,11.,15.8));
#2568 = CIRCLE('',#2569,0.85);
#2569 = AXIS2_PLACEMENT_3D('',#2570,#2571,#2572);
#2570 = CARTESIAN_POINT('',(-35.,11.,15.8));
#2571 = DIRECTION('',(0.,0.,1.));
#2572 = DIRECTION('',(1.,0.,-0.));
#2573 = FACE_BOUND('',#2574,.T.);
#2574 = EDGE_LOOP('',(#2575));
#2575 = ORIENTED_EDGE('',*,*,#2576,.F.);
#2576 = EDGE_CURVE('',#2577,#2577,#2579,.T.);
#2577 = VERTEX_POINT('',#2578);
#2578 = CARTESIAN_POINT('',(-24.9,9.6,15.8));
#2579 = CIRCLE('',#2580,1.7);
#2580 = AXIS2_PLACEMENT_3D('',#2581,#2582,#2583);
#2581 = CARTESIAN_POINT('',(-26.6,9.6,15.8));
#2582 = DIRECTION('',(0.,0.,1.));
#2583 = DIRECTION('',(1.,0.,-0.));
#2584 = FACE_BOUND('',#2585,.T.);
#2585 = EDGE_LOOP('',(#2586));
#2586 = ORIENTED_EDGE('',*,*,#2587,.F.);
#2587 = EDGE_CURVE('',#2588,#2588,#2590,.T.);
#2588 = VERTEX_POINT('',#2589);
#2589 = CARTESIAN_POINT('',(35.85,11.,15.8));
#2590 = CIRCLE('',#2591,0.85);
#2591 = AXIS2_PLACEMENT_3D('',#2592,#2593,#2594);
#2592 = CARTESIAN_POINT('',(35.,11.,15.8));
#2593 = DIRECTION('',(0.,0.,1.));
#2594 = DIRECTION('',(1.,0.,-0.));
#2595 = PLANE('',#2596);
#2596 = AXIS2_PLACEMENT_3D('',#2597,#2598,#2599);
#2597 = CARTESIAN_POINT('',(-39.,-17.,15.8));
#2598 = DIRECTION('',(0.,0.,1.));
#2599 = DIRECTION('',(1.,0.,-0.));
#2600 = ADVANCED_FACE('',(#2601),#2613,.T.);
#2601 = FACE_BOUND('',#2602,.F.);
#2602 = EDGE_LOOP('',(#2603,#2604,#2605,#2612));
#2603 = ORIENTED_EDGE('',*,*,#1948,.F.);
#2604 = ORIENTED_EDGE('',*,*,#1982,.T.);
#2605 = ORIENTED_EDGE('',*,*,#2606,.T.);
#2606 = EDGE_CURVE('',#1975,#2446,#2607,.T.);
#2607 = CIRCLE('',#2608,1.6);
#2608 = AXIS2_PLACEMENT_3D('',#2609,#2610,#2611);
#2609 = CARTESIAN_POINT('',(-32.,15.4,14.2));
#2610 = DIRECTION('',(1.,6.123233995737E-17,-0.));
#2611 = DIRECTION('',(-6.123233995737E-17,1.,0.));
#2612 = ORIENTED_EDGE('',*,*,#2453,.F.);
#2613 = TOROIDAL_SURFACE('',#2614,5.4,1.6);
#2614 = AXIS2_PLACEMENT_3D('',#2615,#2616,#2617);
#2615 = CARTESIAN_POINT('',(-32.,10.,14.2));
#2616 = DIRECTION('',(0.,0.,1.));
#2617 = DIRECTION('',(-1.,0.,0.));
#2618 = ADVANCED_FACE('',(#2619),#2637,.T.);
#2619 = FACE_BOUND('',#2620,.T.);
#2620 = EDGE_LOOP('',(#2621,#2622,#2630,#2636));
#2621 = ORIENTED_EDGE('',*,*,#1974,.T.);
#2622 = ORIENTED_EDGE('',*,*,#2623,.T.);
#2623 = EDGE_CURVE('',#1975,#2624,#2626,.T.);
#2624 = VERTEX_POINT('',#2625);
#2625 = CARTESIAN_POINT('',(32.,17.,14.2));
#2626 = LINE('',#2627,#2628);
#2627 = CARTESIAN_POINT('',(-32.,17.,14.2));
#2628 = VECTOR('',#2629,1.);
#2629 = DIRECTION('',(1.,0.,-0.));
#2630 = ORIENTED_EDGE('',*,*,#2631,.F.);
#2631 = EDGE_CURVE('',#2033,#2624,#2632,.T.);
#2632 = LINE('',#2633,#2634);
#2633 = CARTESIAN_POINT('',(32.,17.,9.2));
#2634 = VECTOR('',#2635,1.);
#2635 = DIRECTION('',(0.,0.,1.));
#2636 = ORIENTED_EDGE('',*,*,#2041,.F.);
#2637 = PLANE('',#2638);
#2638 = AXIS2_PLACEMENT_3D('',#2639,#2640,#2641);
#2639 = CARTESIAN_POINT('',(-39.,17.,9.2));
#2640 = DIRECTION('',(-0.,1.,0.));
#2641 = DIRECTION('',(0.,0.,1.));
#2642 = ADVANCED_FACE('',(#2643),#2653,.F.);
#2643 = FACE_BOUND('',#2644,.F.);
#2644 = EDGE_LOOP('',(#2645,#2646,#2647,#2648,#2649,#2650,#2651,#2652));
#2645 = ORIENTED_EDGE('',*,*,#2057,.T.);
#2646 = ORIENTED_EDGE('',*,*,#2202,.T.);
#2647 = ORIENTED_EDGE('',*,*,#2228,.T.);
#2648 = ORIENTED_EDGE('',*,*,#2251,.T.);
#2649 = ORIENTED_EDGE('',*,*,#2276,.F.);
#2650 = ORIENTED_EDGE('',*,*,#2291,.T.);
#2651 = ORIENTED_EDGE('',*,*,#2326,.F.);
#2652 = ORIENTED_EDGE('',*,*,#2340,.T.);
#2653 = PLANE('',#2654);
#2654 = AXIS2_PLACEMENT_3D('',#2655,#2656,#2657);
#2655 = CARTESIAN_POINT('',(-33.,4.658078349862E-16,10.8));
#2656 = DIRECTION('',(1.,0.,0.));
#2657 = DIRECTION('',(-0.,0.,1.));
#2658 = ADVANCED_FACE('',(#2659),#2678,.T.);
#2659 = FACE_BOUND('',#2660,.T.);
#2660 = EDGE_LOOP('',(#2661,#2669,#2670,#2671));
#2661 = ORIENTED_EDGE('',*,*,#2662,.F.);
#2662 = EDGE_CURVE('',#2025,#2663,#2665,.T.);
#2663 = VERTEX_POINT('',#2664);
#2664 = CARTESIAN_POINT('',(39.,10.,14.2));
#2665 = LINE('',#2666,#2667);
#2666 = CARTESIAN_POINT('',(39.,10.,9.2));
#2667 = VECTOR('',#2668,1.);
#2668 = DIRECTION('',(0.,0.,1.));
#2669 = ORIENTED_EDGE('',*,*,#2032,.T.);
#2670 = ORIENTED_EDGE('',*,*,#2631,.T.);
#2671 = ORIENTED_EDGE('',*,*,#2672,.T.);
#2672 = EDGE_CURVE('',#2624,#2663,#2673,.T.);
#2673 = CIRCLE('',#2674,7.);
#2674 = AXIS2_PLACEMENT_3D('',#2675,#2676,#2677);
#2675 = CARTESIAN_POINT('',(32.,10.,14.2));
#2676 = DIRECTION('',(0.,-0.,-1.));
#2677 = DIRECTION('',(0.,1.,-0.));
#2678 = CYLINDRICAL_SURFACE('',#2679,7.);
#2679 = AXIS2_PLACEMENT_3D('',#2680,#2681,#2682);
#2680 = CARTESIAN_POINT('',(32.,10.,9.2));
#2681 = DIRECTION('',(0.,0.,1.));
#2682 = DIRECTION('',(1.,0.,-0.));
#2683 = ADVANCED_FACE('',(#2684),#2702,.T.);
#2684 = FACE_BOUND('',#2685,.T.);
#2685 = EDGE_LOOP('',(#2686,#2694,#2695,#2696));
#2686 = ORIENTED_EDGE('',*,*,#2687,.F.);
#2687 = EDGE_CURVE('',#2016,#2688,#2690,.T.);
#2688 = VERTEX_POINT('',#2689);
#2689 = CARTESIAN_POINT('',(39.,-10.,14.2));
#2690 = LINE('',#2691,#2692);
#2691 = CARTESIAN_POINT('',(39.,-10.,9.2));
#2692 = VECTOR('',#2693,1.);
#2693 = DIRECTION('',(0.,0.,1.));
#2694 = ORIENTED_EDGE('',*,*,#2024,.T.);
#2695 = ORIENTED_EDGE('',*,*,#2662,.T.);
#2696 = ORIENTED_EDGE('',*,*,#2697,.T.);
#2697 = EDGE_CURVE('',#2663,#2688,#2698,.T.);
#2698 = LINE('',#2699,#2700);
#2699 = CARTESIAN_POINT('',(39.,10.,14.2));
#2700 = VECTOR('',#2701,1.);
#2701 = DIRECTION('',(0.,-1.,-0.));
#2702 = PLANE('',#2703);
#2703 = AXIS2_PLACEMENT_3D('',#2704,#2705,#2706);
#2704 = CARTESIAN_POINT('',(39.,-17.,9.2));
#2705 = DIRECTION('',(1.,0.,-0.));
#2706 = DIRECTION('',(0.,0.,1.));
#2707 = ADVANCED_FACE('',(#2708),#2727,.T.);
#2708 = FACE_BOUND('',#2709,.F.);
#2709 = EDGE_LOOP('',(#2710,#2711,#2712,#2720));
#2710 = ORIENTED_EDGE('',*,*,#2687,.F.);
#2711 = ORIENTED_EDGE('',*,*,#2015,.T.);
#2712 = ORIENTED_EDGE('',*,*,#2713,.T.);
#2713 = EDGE_CURVE('',#2008,#2714,#2716,.T.);
#2714 = VERTEX_POINT('',#2715);
#2715 = CARTESIAN_POINT('',(32.,-17.,14.2));
#2716 = LINE('',#2717,#2718);
#2717 = CARTESIAN_POINT('',(32.,-17.,9.2));
#2718 = VECTOR('',#2719,1.);
#2719 = DIRECTION('',(0.,0.,1.));
#2720 = ORIENTED_EDGE('',*,*,#2721,.F.);
#2721 = EDGE_CURVE('',#2688,#2714,#2722,.T.);
#2722 = CIRCLE('',#2723,7.);
#2723 = AXIS2_PLACEMENT_3D('',#2724,#2725,#2726);
#2724 = CARTESIAN_POINT('',(32.,-10.,14.2));
#2725 = DIRECTION('',(0.,-0.,-1.));
#2726 = DIRECTION('',(1.,0.,-0.));
#2727 = CYLINDRICAL_SURFACE('',#2728,7.);
#2728 = AXIS2_PLACEMENT_3D('',#2729,#2730,#2731);
#2729 = CARTESIAN_POINT('',(32.,-10.,9.2));
#2730 = DIRECTION('',(0.,0.,1.));
#2731 = DIRECTION('',(1.,0.,-0.));
#2732 = ADVANCED_FACE('',(#2733),#2744,.F.);
#2733 = FACE_BOUND('',#2734,.F.);
#2734 = EDGE_LOOP('',(#2735,#2736,#2742,#2743));
#2735 = ORIENTED_EDGE('',*,*,#2360,.T.);
#2736 = ORIENTED_EDGE('',*,*,#2737,.F.);
#2737 = EDGE_CURVE('',#2714,#2361,#2738,.T.);
#2738 = LINE('',#2739,#2740);
#2739 = CARTESIAN_POINT('',(32.,-17.,14.2));
#2740 = VECTOR('',#2741,1.);
#2741 = DIRECTION('',(-1.,-0.,0.));
#2742 = ORIENTED_EDGE('',*,*,#2713,.F.);
#2743 = ORIENTED_EDGE('',*,*,#2007,.F.);
#2744 = PLANE('',#2745);
#2745 = AXIS2_PLACEMENT_3D('',#2746,#2747,#2748);
#2746 = CARTESIAN_POINT('',(-39.,-17.,9.2));
#2747 = DIRECTION('',(-0.,1.,0.));
#2748 = DIRECTION('',(0.,0.,1.));
#2749 = ADVANCED_FACE('',(#2750),#2761,.F.);
#2750 = FACE_BOUND('',#2751,.F.);
#2751 = EDGE_LOOP('',(#2752,#2753,#2759,#2760));
#2752 = ORIENTED_EDGE('',*,*,#2462,.F.);
#2753 = ORIENTED_EDGE('',*,*,#2754,.F.);
#2754 = EDGE_CURVE('',#2074,#2463,#2755,.T.);
#2755 = LINE('',#2756,#2757);
#2756 = CARTESIAN_POINT('',(-34.15,-11.,8.2));
#2757 = VECTOR('',#2758,1.);
#2758 = DIRECTION('',(0.,0.,1.));
#2759 = ORIENTED_EDGE('',*,*,#2073,.T.);
#2760 = ORIENTED_EDGE('',*,*,#2754,.T.);
#2761 = CYLINDRICAL_SURFACE('',#2762,0.85);
#2762 = AXIS2_PLACEMENT_3D('',#2763,#2764,#2765);
#2763 = CARTESIAN_POINT('',(-35.,-11.,8.2));
#2764 = DIRECTION('',(0.,0.,1.));
#2765 = DIRECTION('',(1.,0.,-0.));
#2766 = ADVANCED_FACE('',(#2767),#2778,.F.);
#2767 = FACE_BOUND('',#2768,.F.);
#2768 = EDGE_LOOP('',(#2769,#2770,#2776,#2777));
#2769 = ORIENTED_EDGE('',*,*,#2484,.F.);
#2770 = ORIENTED_EDGE('',*,*,#2771,.F.);
#2771 = EDGE_CURVE('',#2085,#2485,#2772,.T.);
#2772 = LINE('',#2773,#2774);
#2773 = CARTESIAN_POINT('',(35.85,-11.,8.2));
#2774 = VECTOR('',#2775,1.);
#2775 = DIRECTION('',(0.,0.,1.));
#2776 = ORIENTED_EDGE('',*,*,#2084,.T.);
#2777 = ORIENTED_EDGE('',*,*,#2771,.T.);
#2778 = CYLINDRICAL_SURFACE('',#2779,0.85);
#2779 = AXIS2_PLACEMENT_3D('',#2780,#2781,#2782);
#2780 = CARTESIAN_POINT('',(35.,-11.,8.2));
#2781 = DIRECTION('',(0.,0.,1.));
#2782 = DIRECTION('',(1.,0.,-0.));
#2783 = ADVANCED_FACE('',(#2784),#2810,.F.);
#2784 = FACE_BOUND('',#2785,.F.);
#2785 = EDGE_LOOP('',(#2786,#2794,#2795,#2803));
#2786 = ORIENTED_EDGE('',*,*,#2787,.F.);
#2787 = EDGE_CURVE('',#2096,#2788,#2790,.T.);
#2788 = VERTEX_POINT('',#2789);
#2789 = CARTESIAN_POINT('',(-31.35,-12.35,14.8));
#2790 = LINE('',#2791,#2792);
#2791 = CARTESIAN_POINT('',(-31.35,-12.35,8.2));
#2792 = VECTOR('',#2793,1.);
#2793 = DIRECTION('',(0.,0.,1.));
#2794 = ORIENTED_EDGE('',*,*,#2095,.T.);
#2795 = ORIENTED_EDGE('',*,*,#2796,.T.);
#2796 = EDGE_CURVE('',#2098,#2797,#2799,.T.);
#2797 = VERTEX_POINT('',#2798);
#2798 = CARTESIAN_POINT('',(-30.35,-13.35,14.8));
#2799 = LINE('',#2800,#2801);
#2800 = CARTESIAN_POINT('',(-30.35,-13.35,8.2));
#2801 = VECTOR('',#2802,1.);
#2802 = DIRECTION('',(0.,0.,1.));
#2803 = ORIENTED_EDGE('',*,*,#2804,.F.);
#2804 = EDGE_CURVE('',#2788,#2797,#2805,.T.);
#2805 = CIRCLE('',#2806,1.);
#2806 = AXIS2_PLACEMENT_3D('',#2807,#2808,#2809);
#2807 = CARTESIAN_POINT('',(-30.35,-12.35,14.8));
#2808 = DIRECTION('',(0.,0.,1.));
#2809 = DIRECTION('',(0.,-1.,0.));
#2810 = CYLINDRICAL_SURFACE('',#2811,1.);
#2811 = AXIS2_PLACEMENT_3D('',#2812,#2813,#2814);
#2812 = CARTESIAN_POINT('',(-30.35,-12.35,8.2));
#2813 = DIRECTION('',(0.,0.,1.));
#2814 = DIRECTION('',(-1.,-0.,0.));
#2815 = ADVANCED_FACE('',(#2816),#2834,.T.);
#2816 = FACE_BOUND('',#2817,.T.);
#2817 = EDGE_LOOP('',(#2818,#2826,#2827,#2828));
#2818 = ORIENTED_EDGE('',*,*,#2819,.F.);
#2819 = EDGE_CURVE('',#2788,#2820,#2822,.T.);
#2820 = VERTEX_POINT('',#2821);
#2821 = CARTESIAN_POINT('',(-31.35,12.35,14.8));
#2822 = LINE('',#2823,#2824);
#2823 = CARTESIAN_POINT('',(-31.35,-13.35,14.8));
#2824 = VECTOR('',#2825,1.);
#2825 = DIRECTION('',(-0.,1.,0.));
#2826 = ORIENTED_EDGE('',*,*,#2787,.F.);
#2827 = ORIENTED_EDGE('',*,*,#2106,.T.);
#2828 = ORIENTED_EDGE('',*,*,#2829,.T.);
#2829 = EDGE_CURVE('',#2107,#2820,#2830,.T.);
#2830 = LINE('',#2831,#2832);
#2831 = CARTESIAN_POINT('',(-31.35,12.35,8.2));
#2832 = VECTOR('',#2833,1.);
#2833 = DIRECTION('',(0.,0.,1.));
#2834 = PLANE('',#2835);
#2835 = AXIS2_PLACEMENT_3D('',#2836,#2837,#2838);
#2836 = CARTESIAN_POINT('',(-31.35,-13.35,8.2));
#2837 = DIRECTION('',(1.,0.,-0.));
#2838 = DIRECTION('',(0.,0.,1.));
#2839 = ADVANCED_FACE('',(#2840),#2858,.T.);
#2840 = FACE_BOUND('',#2841,.T.);
#2841 = EDGE_LOOP('',(#2842,#2843,#2844,#2852));
#2842 = ORIENTED_EDGE('',*,*,#2157,.T.);
#2843 = ORIENTED_EDGE('',*,*,#2796,.T.);
#2844 = ORIENTED_EDGE('',*,*,#2845,.T.);
#2845 = EDGE_CURVE('',#2797,#2846,#2848,.T.);
#2846 = VERTEX_POINT('',#2847);
#2847 = CARTESIAN_POINT('',(30.35,-13.35,14.8));
#2848 = LINE('',#2849,#2850);
#2849 = CARTESIAN_POINT('',(-31.35,-13.35,14.8));
#2850 = VECTOR('',#2851,1.);
#2851 = DIRECTION('',(1.,0.,-0.));
#2852 = ORIENTED_EDGE('',*,*,#2853,.F.);
#2853 = EDGE_CURVE('',#2149,#2846,#2854,.T.);
#2854 = LINE('',#2855,#2856);
#2855 = CARTESIAN_POINT('',(30.35,-13.35,8.2));
#2856 = VECTOR('',#2857,1.);
#2857 = DIRECTION('',(0.,0.,1.));
#2858 = PLANE('',#2859);
#2859 = AXIS2_PLACEMENT_3D('',#2860,#2861,#2862);
#2860 = CARTESIAN_POINT('',(-31.35,-13.35,8.2));
#2861 = DIRECTION('',(-0.,1.,0.));
#2862 = DIRECTION('',(0.,0.,1.));
#2863 = ADVANCED_FACE('',(#2864),#2883,.F.);
#2864 = FACE_BOUND('',#2865,.T.);
#2865 = EDGE_LOOP('',(#2866,#2867,#2868,#2876));
#2866 = ORIENTED_EDGE('',*,*,#2829,.F.);
#2867 = ORIENTED_EDGE('',*,*,#2114,.F.);
#2868 = ORIENTED_EDGE('',*,*,#2869,.T.);
#2869 = EDGE_CURVE('',#2115,#2870,#2872,.T.);
#2870 = VERTEX_POINT('',#2871);
#2871 = CARTESIAN_POINT('',(-30.35,13.35,14.8));
#2872 = LINE('',#2873,#2874);
#2873 = CARTESIAN_POINT('',(-30.35,13.35,8.2));
#2874 = VECTOR('',#2875,1.);
#2875 = DIRECTION('',(0.,0.,1.));
#2876 = ORIENTED_EDGE('',*,*,#2877,.F.);
#2877 = EDGE_CURVE('',#2820,#2870,#2878,.T.);
#2878 = CIRCLE('',#2879,1.);
#2879 = AXIS2_PLACEMENT_3D('',#2880,#2881,#2882);
#2880 = CARTESIAN_POINT('',(-30.35,12.35,14.8));
#2881 = DIRECTION('',(-0.,-0.,-1.));
#2882 = DIRECTION('',(0.,-1.,0.));
#2883 = CYLINDRICAL_SURFACE('',#2884,1.);
#2884 = AXIS2_PLACEMENT_3D('',#2885,#2886,#2887);
#2885 = CARTESIAN_POINT('',(-30.35,12.35,8.2));
#2886 = DIRECTION('',(0.,0.,1.));
#2887 = DIRECTION('',(-1.,-0.,0.));
#2888 = ADVANCED_FACE('',(#2889),#2908,.F.);
#2889 = FACE_BOUND('',#2890,.T.);
#2890 = EDGE_LOOP('',(#2891,#2899,#2900,#2901));
#2891 = ORIENTED_EDGE('',*,*,#2892,.F.);
#2892 = EDGE_CURVE('',#2141,#2893,#2895,.T.);
#2893 = VERTEX_POINT('',#2894);
#2894 = CARTESIAN_POINT('',(31.35,-12.35,14.8));
#2895 = LINE('',#2896,#2897);
#2896 = CARTESIAN_POINT('',(31.35,-12.35,8.2));
#2897 = VECTOR('',#2898,1.);
#2898 = DIRECTION('',(0.,0.,1.));
#2899 = ORIENTED_EDGE('',*,*,#2148,.F.);
#2900 = ORIENTED_EDGE('',*,*,#2853,.T.);
#2901 = ORIENTED_EDGE('',*,*,#2902,.F.);
#2902 = EDGE_CURVE('',#2893,#2846,#2903,.T.);
#2903 = CIRCLE('',#2904,1.);
#2904 = AXIS2_PLACEMENT_3D('',#2905,#2906,#2907);
#2905 = CARTESIAN_POINT('',(30.35,-12.35,14.8));
#2906 = DIRECTION('',(-0.,-0.,-1.));
#2907 = DIRECTION('',(0.,-1.,0.));
#2908 = CYLINDRICAL_SURFACE('',#2909,1.);
#2909 = AXIS2_PLACEMENT_3D('',#2910,#2911,#2912);
#2910 = CARTESIAN_POINT('',(30.35,-12.35,8.2));
#2911 = DIRECTION('',(0.,0.,1.));
#2912 = DIRECTION('',(1.,0.,-0.));
#2913 = ADVANCED_FACE('',(#2914),#2932,.F.);
#2914 = FACE_BOUND('',#2915,.F.);
#2915 = EDGE_LOOP('',(#2916,#2917,#2918,#2926));
#2916 = ORIENTED_EDGE('',*,*,#2123,.T.);
#2917 = ORIENTED_EDGE('',*,*,#2869,.T.);
#2918 = ORIENTED_EDGE('',*,*,#2919,.T.);
#2919 = EDGE_CURVE('',#2870,#2920,#2922,.T.);
#2920 = VERTEX_POINT('',#2921);
#2921 = CARTESIAN_POINT('',(30.35,13.35,14.8));
#2922 = LINE('',#2923,#2924);
#2923 = CARTESIAN_POINT('',(-31.35,13.35,14.8));
#2924 = VECTOR('',#2925,1.);
#2925 = DIRECTION('',(1.,0.,-0.));
#2926 = ORIENTED_EDGE('',*,*,#2927,.F.);
#2927 = EDGE_CURVE('',#2124,#2920,#2928,.T.);
#2928 = LINE('',#2929,#2930);
#2929 = CARTESIAN_POINT('',(30.35,13.35,8.2));
#2930 = VECTOR('',#2931,1.);
#2931 = DIRECTION('',(0.,0.,1.));
#2932 = PLANE('',#2933);
#2933 = AXIS2_PLACEMENT_3D('',#2934,#2935,#2936);
#2934 = CARTESIAN_POINT('',(-31.35,13.35,8.2));
#2935 = DIRECTION('',(-0.,1.,0.));
#2936 = DIRECTION('',(0.,0.,1.));
#2937 = ADVANCED_FACE('',(#2938),#2956,.F.);
#2938 = FACE_BOUND('',#2939,.F.);
#2939 = EDGE_LOOP('',(#2940,#2948,#2949,#2950));
#2940 = ORIENTED_EDGE('',*,*,#2941,.F.);
#2941 = EDGE_CURVE('',#2893,#2942,#2944,.T.);
#2942 = VERTEX_POINT('',#2943);
#2943 = CARTESIAN_POINT('',(31.35,12.35,14.8));
#2944 = LINE('',#2945,#2946);
#2945 = CARTESIAN_POINT('',(31.35,-13.35,14.8));
#2946 = VECTOR('',#2947,1.);
#2947 = DIRECTION('',(-0.,1.,0.));
#2948 = ORIENTED_EDGE('',*,*,#2892,.F.);
#2949 = ORIENTED_EDGE('',*,*,#2140,.T.);
#2950 = ORIENTED_EDGE('',*,*,#2951,.T.);
#2951 = EDGE_CURVE('',#2132,#2942,#2952,.T.);
#2952 = LINE('',#2953,#2954);
#2953 = CARTESIAN_POINT('',(31.35,12.35,8.2));
#2954 = VECTOR('',#2955,1.);
#2955 = DIRECTION('',(0.,0.,1.));
#2956 = PLANE('',#2957);
#2957 = AXIS2_PLACEMENT_3D('',#2958,#2959,#2960);
#2958 = CARTESIAN_POINT('',(31.35,-13.35,8.2));
#2959 = DIRECTION('',(1.,0.,-0.));
#2960 = DIRECTION('',(0.,0.,1.));
#2961 = ADVANCED_FACE('',(#2962),#2974,.F.);
#2962 = FACE_BOUND('',#2963,.F.);
#2963 = EDGE_LOOP('',(#2964,#2965,#2966,#2967));
#2964 = ORIENTED_EDGE('',*,*,#2951,.F.);
#2965 = ORIENTED_EDGE('',*,*,#2131,.T.);
#2966 = ORIENTED_EDGE('',*,*,#2927,.T.);
#2967 = ORIENTED_EDGE('',*,*,#2968,.F.);
#2968 = EDGE_CURVE('',#2942,#2920,#2969,.T.);
#2969 = CIRCLE('',#2970,1.);
#2970 = AXIS2_PLACEMENT_3D('',#2971,#2972,#2973);
#2971 = CARTESIAN_POINT('',(30.35,12.35,14.8));
#2972 = DIRECTION('',(0.,0.,1.));
#2973 = DIRECTION('',(0.,-1.,0.));
#2974 = CYLINDRICAL_SURFACE('',#2975,1.);
#2975 = AXIS2_PLACEMENT_3D('',#2976,#2977,#2978);
#2976 = CARTESIAN_POINT('',(30.35,12.35,8.2));
#2977 = DIRECTION('',(0.,0.,1.));
#2978 = DIRECTION('',(1.,0.,-0.));
#2979 = ADVANCED_FACE('',(#2980),#2991,.F.);
#2980 = FACE_BOUND('',#2981,.F.);
#2981 = EDGE_LOOP('',(#2982,#2983,#2989,#2990));
#2982 = ORIENTED_EDGE('',*,*,#2565,.F.);
#2983 = ORIENTED_EDGE('',*,*,#2984,.F.);
#2984 = EDGE_CURVE('',#2166,#2566,#2985,.T.);
#2985 = LINE('',#2986,#2987);
#2986 = CARTESIAN_POINT('',(-34.15,11.,8.2));
#2987 = VECTOR('',#2988,1.);
#2988 = DIRECTION('',(0.,0.,1.));
#2989 = ORIENTED_EDGE('',*,*,#2165,.T.);
#2990 = ORIENTED_EDGE('',*,*,#2984,.T.);
#2991 = CYLINDRICAL_SURFACE('',#2992,0.85);
#2992 = AXIS2_PLACEMENT_3D('',#2993,#2994,#2995);
#2993 = CARTESIAN_POINT('',(-35.,11.,8.2));
#2994 = DIRECTION('',(0.,0.,1.));
#2995 = DIRECTION('',(1.,0.,-0.));
#2996 = ADVANCED_FACE('',(#2997),#3008,.F.);
#2997 = FACE_BOUND('',#2998,.F.);
#2998 = EDGE_LOOP('',(#2999,#3000,#3006,#3007));
#2999 = ORIENTED_EDGE('',*,*,#2587,.F.);
#3000 = ORIENTED_EDGE('',*,*,#3001,.F.);
#3001 = EDGE_CURVE('',#2177,#2588,#3002,.T.);
#3002 = LINE('',#3003,#3004);
#3003 = CARTESIAN_POINT('',(35.85,11.,8.2));
#3004 = VECTOR('',#3005,1.);
#3005 = DIRECTION('',(0.,0.,1.));
#3006 = ORIENTED_EDGE('',*,*,#2176,.T.);
#3007 = ORIENTED_EDGE('',*,*,#3001,.T.);
#3008 = CYLINDRICAL_SURFACE('',#3009,0.85);
#3009 = AXIS2_PLACEMENT_3D('',#3010,#3011,#3012);
#3010 = CARTESIAN_POINT('',(35.,11.,8.2));
#3011 = DIRECTION('',(0.,0.,1.));
#3012 = DIRECTION('',(1.,0.,-0.));
#3013 = ADVANCED_FACE('',(#3014),#3026,.T.);
#3014 = FACE_BOUND('',#3015,.T.);
#3015 = EDGE_LOOP('',(#3016,#3023,#3024,#3025));
#3016 = ORIENTED_EDGE('',*,*,#3017,.T.);
#3017 = EDGE_CURVE('',#2714,#2412,#3018,.T.);
#3018 = CIRCLE('',#3019,1.6);
#3019 = AXIS2_PLACEMENT_3D('',#3020,#3021,#3022);
#3020 = CARTESIAN_POINT('',(32.,-15.4,14.2));
#3021 = DIRECTION('',(-1.,-6.123233995737E-17,0.));
#3022 = DIRECTION('',(6.123233995737E-17,-1.,-0.));
#3023 = ORIENTED_EDGE('',*,*,#2411,.T.);
#3024 = ORIENTED_EDGE('',*,*,#2383,.F.);
#3025 = ORIENTED_EDGE('',*,*,#2737,.F.);
#3026 = CYLINDRICAL_SURFACE('',#3027,1.6);
#3027 = AXIS2_PLACEMENT_3D('',#3028,#3029,#3030);
#3028 = CARTESIAN_POINT('',(32.,-15.4,14.2));
#3029 = DIRECTION('',(-1.,-0.,0.));
#3030 = DIRECTION('',(0.,-1.,-0.));
#3031 = ADVANCED_FACE('',(#3032),#3044,.T.);
#3032 = FACE_BOUND('',#3033,.T.);
#3033 = EDGE_LOOP('',(#3034,#3035,#3036,#3043));
#3034 = ORIENTED_EDGE('',*,*,#2606,.T.);
#3035 = ORIENTED_EDGE('',*,*,#2445,.T.);
#3036 = ORIENTED_EDGE('',*,*,#3037,.F.);
#3037 = EDGE_CURVE('',#2624,#2437,#3038,.T.);
#3038 = CIRCLE('',#3039,1.6);
#3039 = AXIS2_PLACEMENT_3D('',#3040,#3041,#3042);
#3040 = CARTESIAN_POINT('',(32.,15.4,14.2));
#3041 = DIRECTION('',(1.,0.,-0.));
#3042 = DIRECTION('',(0.,1.,0.));
#3043 = ORIENTED_EDGE('',*,*,#2623,.F.);
#3044 = CYLINDRICAL_SURFACE('',#3045,1.6);
#3045 = AXIS2_PLACEMENT_3D('',#3046,#3047,#3048);
#3046 = CARTESIAN_POINT('',(-32.,15.4,14.2));
#3047 = DIRECTION('',(1.,0.,-0.));
#3048 = DIRECTION('',(0.,1.,0.));
#3049 = ADVANCED_FACE('',(#3050),#3062,.T.);
#3050 = FACE_BOUND('',#3051,.F.);
#3051 = EDGE_LOOP('',(#3052,#3059,#3060,#3061));
#3052 = ORIENTED_EDGE('',*,*,#3053,.F.);
#3053 = EDGE_CURVE('',#2688,#2420,#3054,.T.);
#3054 = CIRCLE('',#3055,1.6);
#3055 = AXIS2_PLACEMENT_3D('',#3056,#3057,#3058);
#3056 = CARTESIAN_POINT('',(37.4,-10.,14.2));
#3057 = DIRECTION('',(0.,-1.,-0.));
#3058 = DIRECTION('',(1.,0.,0.));
#3059 = ORIENTED_EDGE('',*,*,#2721,.T.);
#3060 = ORIENTED_EDGE('',*,*,#3017,.T.);
#3061 = ORIENTED_EDGE('',*,*,#2419,.F.);
#3062 = TOROIDAL_SURFACE('',#3063,5.4,1.6);
#3063 = AXIS2_PLACEMENT_3D('',#3064,#3065,#3066);
#3064 = CARTESIAN_POINT('',(32.,-10.,14.2));
#3065 = DIRECTION('',(0.,0.,1.));
#3066 = DIRECTION('',(1.,0.,-0.));
#3067 = ADVANCED_FACE('',(#3068),#3080,.T.);
#3068 = FACE_BOUND('',#3069,.F.);
#3069 = EDGE_LOOP('',(#3070,#3071,#3072,#3079));
#3070 = ORIENTED_EDGE('',*,*,#3037,.F.);
#3071 = ORIENTED_EDGE('',*,*,#2672,.T.);
#3072 = ORIENTED_EDGE('',*,*,#3073,.T.);
#3073 = EDGE_CURVE('',#2663,#2429,#3074,.T.);
#3074 = CIRCLE('',#3075,1.6);
#3075 = AXIS2_PLACEMENT_3D('',#3076,#3077,#3078);
#3076 = CARTESIAN_POINT('',(37.4,10.,14.2));
#3077 = DIRECTION('',(6.123233995737E-17,-1.,0.));
#3078 = DIRECTION('',(1.,6.123233995737E-17,0.));
#3079 = ORIENTED_EDGE('',*,*,#2436,.F.);
#3080 = TOROIDAL_SURFACE('',#3081,5.4,1.6);
#3081 = AXIS2_PLACEMENT_3D('',#3082,#3083,#3084);
#3082 = CARTESIAN_POINT('',(32.,10.,14.2));
#3083 = DIRECTION('',(0.,0.,1.));
#3084 = DIRECTION('',(0.,1.,-0.));
#3085 = ADVANCED_FACE('',(#3086),#3092,.T.);
#3086 = FACE_BOUND('',#3087,.T.);
#3087 = EDGE_LOOP('',(#3088,#3089,#3090,#3091));
#3088 = ORIENTED_EDGE('',*,*,#3073,.T.);
#3089 = ORIENTED_EDGE('',*,*,#2428,.T.);
#3090 = ORIENTED_EDGE('',*,*,#3053,.F.);
#3091 = ORIENTED_EDGE('',*,*,#2697,.F.);
#3092 = CYLINDRICAL_SURFACE('',#3093,1.6);
#3093 = AXIS2_PLACEMENT_3D('',#3094,#3095,#3096);
#3094 = CARTESIAN_POINT('',(37.4,10.,14.2));
#3095 = DIRECTION('',(0.,-1.,-0.));
#3096 = DIRECTION('',(1.,0.,0.));
#3097 = ADVANCED_FACE('',(#3098),#3117,.F.);
#3098 = FACE_BOUND('',#3099,.F.);
#3099 = EDGE_LOOP('',(#3100,#3101,#3109,#3116));
#3100 = ORIENTED_EDGE('',*,*,#2473,.F.);
#3101 = ORIENTED_EDGE('',*,*,#3102,.F.);
#3102 = EDGE_CURVE('',#3103,#2474,#3105,.T.);
#3103 = VERTEX_POINT('',#3104);
#3104 = CARTESIAN_POINT('',(-24.9,-9.6,14.8));
#3105 = LINE('',#3106,#3107);
#3106 = CARTESIAN_POINT('',(-24.9,-9.6,14.3));
#3107 = VECTOR('',#3108,1.);
#3108 = DIRECTION('',(0.,0.,1.));
#3109 = ORIENTED_EDGE('',*,*,#3110,.T.);
#3110 = EDGE_CURVE('',#3103,#3103,#3111,.T.);
#3111 = CIRCLE('',#3112,1.7);
#3112 = AXIS2_PLACEMENT_3D('',#3113,#3114,#3115);
#3113 = CARTESIAN_POINT('',(-26.6,-9.6,14.8));
#3114 = DIRECTION('',(0.,0.,1.));
#3115 = DIRECTION('',(1.,0.,-0.));
#3116 = ORIENTED_EDGE('',*,*,#3102,.T.);
#3117 = CYLINDRICAL_SURFACE('',#3118,1.7);
#3118 = AXIS2_PLACEMENT_3D('',#3119,#3120,#3121);
#3119 = CARTESIAN_POINT('',(-26.6,-9.6,14.3));
#3120 = DIRECTION('',(0.,0.,1.));
#3121 = DIRECTION('',(1.,0.,-0.));
#3122 = ADVANCED_FACE('',(#3123),#3149,.F.);
#3123 = FACE_BOUND('',#3124,.F.);
#3124 = EDGE_LOOP('',(#3125,#3133,#3142,#3148));
#3125 = ORIENTED_EDGE('',*,*,#3126,.F.);
#3126 = EDGE_CURVE('',#3127,#2496,#3129,.T.);
#3127 = VERTEX_POINT('',#3128);
#3128 = CARTESIAN_POINT('',(-18.7,-8.6,14.8));
#3129 = LINE('',#3130,#3131);
#3130 = CARTESIAN_POINT('',(-18.7,-8.6,14.3));
#3131 = VECTOR('',#3132,1.);
#3132 = DIRECTION('',(0.,0.,1.));
#3133 = ORIENTED_EDGE('',*,*,#3134,.T.);
#3134 = EDGE_CURVE('',#3127,#3135,#3137,.T.);
#3135 = VERTEX_POINT('',#3136);
#3136 = CARTESIAN_POINT('',(-15.5,-11.8,14.8));
#3137 = CIRCLE('',#3138,3.2);
#3138 = AXIS2_PLACEMENT_3D('',#3139,#3140,#3141);
#3139 = CARTESIAN_POINT('',(-15.5,-8.6,14.8));
#3140 = DIRECTION('',(0.,0.,1.));
#3141 = DIRECTION('',(-1.,-0.,0.));
#3142 = ORIENTED_EDGE('',*,*,#3143,.T.);
#3143 = EDGE_CURVE('',#3135,#2498,#3144,.T.);
#3144 = LINE('',#3145,#3146);
#3145 = CARTESIAN_POINT('',(-15.5,-11.8,14.3));
#3146 = VECTOR('',#3147,1.);
#3147 = DIRECTION('',(0.,0.,1.));
#3148 = ORIENTED_EDGE('',*,*,#2495,.F.);
#3149 = CYLINDRICAL_SURFACE('',#3150,3.2);
#3150 = AXIS2_PLACEMENT_3D('',#3151,#3152,#3153);
#3151 = CARTESIAN_POINT('',(-15.5,-8.6,14.3));
#3152 = DIRECTION('',(0.,0.,1.));
#3153 = DIRECTION('',(-1.,-0.,0.));
#3154 = ADVANCED_FACE('',(#3155),#3173,.T.);
#3155 = FACE_BOUND('',#3156,.T.);
#3156 = EDGE_LOOP('',(#3157,#3158,#3159,#3167));
#3157 = ORIENTED_EDGE('',*,*,#2506,.F.);
#3158 = ORIENTED_EDGE('',*,*,#3126,.F.);
#3159 = ORIENTED_EDGE('',*,*,#3160,.T.);
#3160 = EDGE_CURVE('',#3127,#3161,#3163,.T.);
#3161 = VERTEX_POINT('',#3162);
#3162 = CARTESIAN_POINT('',(-18.7,8.6,14.8));
#3163 = LINE('',#3164,#3165);
#3164 = CARTESIAN_POINT('',(-18.7,-12.575,14.8));
#3165 = VECTOR('',#3166,1.);
#3166 = DIRECTION('',(-0.,1.,0.));
#3167 = ORIENTED_EDGE('',*,*,#3168,.T.);
#3168 = EDGE_CURVE('',#3161,#2507,#3169,.T.);
#3169 = LINE('',#3170,#3171);
#3170 = CARTESIAN_POINT('',(-18.7,8.6,14.3));
#3171 = VECTOR('',#3172,1.);
#3172 = DIRECTION('',(0.,0.,1.));
#3173 = PLANE('',#3174);
#3174 = AXIS2_PLACEMENT_3D('',#3175,#3176,#3177);
#3175 = CARTESIAN_POINT('',(-18.7,-11.8,14.3));
#3176 = DIRECTION('',(1.,0.,-0.));
#3177 = DIRECTION('',(0.,0.,1.));
#3178 = ADVANCED_FACE('',(#3179),#3197,.T.);
#3179 = FACE_BOUND('',#3180,.T.);
#3180 = EDGE_LOOP('',(#3181,#3189,#3190,#3191));
#3181 = ORIENTED_EDGE('',*,*,#3182,.T.);
#3182 = EDGE_CURVE('',#3183,#3135,#3185,.T.);
#3183 = VERTEX_POINT('',#3184);
#3184 = CARTESIAN_POINT('',(25.5,-11.8,14.8));
#3185 = LINE('',#3186,#3187);
#3186 = CARTESIAN_POINT('',(-25.025,-11.8,14.8));
#3187 = VECTOR('',#3188,1.);
#3188 = DIRECTION('',(-1.,-0.,0.));
#3189 = ORIENTED_EDGE('',*,*,#3143,.T.);
#3190 = ORIENTED_EDGE('',*,*,#2557,.F.);
#3191 = ORIENTED_EDGE('',*,*,#3192,.F.);
#3192 = EDGE_CURVE('',#3183,#2549,#3193,.T.);
#3193 = LINE('',#3194,#3195);
#3194 = CARTESIAN_POINT('',(25.5,-11.8,14.3));
#3195 = VECTOR('',#3196,1.);
#3196 = DIRECTION('',(0.,0.,1.));
#3197 = PLANE('',#3198);
#3198 = AXIS2_PLACEMENT_3D('',#3199,#3200,#3201);
#3199 = CARTESIAN_POINT('',(-18.7,-11.8,14.3));
#3200 = DIRECTION('',(-0.,1.,0.));
#3201 = DIRECTION('',(0.,0.,1.));
#3202 = ADVANCED_FACE('',(#3203),#3222,.F.);
#3203 = FACE_BOUND('',#3204,.T.);
#3204 = EDGE_LOOP('',(#3205,#3206,#3215,#3221));
#3205 = ORIENTED_EDGE('',*,*,#3168,.F.);
#3206 = ORIENTED_EDGE('',*,*,#3207,.F.);
#3207 = EDGE_CURVE('',#3208,#3161,#3210,.T.);
#3208 = VERTEX_POINT('',#3209);
#3209 = CARTESIAN_POINT('',(-15.5,11.8,14.8));
#3210 = CIRCLE('',#3211,3.2);
#3211 = AXIS2_PLACEMENT_3D('',#3212,#3213,#3214);
#3212 = CARTESIAN_POINT('',(-15.5,8.6,14.8));
#3213 = DIRECTION('',(0.,0.,1.));
#3214 = DIRECTION('',(-1.,-0.,0.));
#3215 = ORIENTED_EDGE('',*,*,#3216,.T.);
#3216 = EDGE_CURVE('',#3208,#2515,#3217,.T.);
#3217 = LINE('',#3218,#3219);
#3218 = CARTESIAN_POINT('',(-15.5,11.8,14.3));
#3219 = VECTOR('',#3220,1.);
#3220 = DIRECTION('',(0.,0.,1.));
#3221 = ORIENTED_EDGE('',*,*,#2514,.T.);
#3222 = CYLINDRICAL_SURFACE('',#3223,3.2);
#3223 = AXIS2_PLACEMENT_3D('',#3224,#3225,#3226);
#3224 = CARTESIAN_POINT('',(-15.5,8.6,14.3));
#3225 = DIRECTION('',(0.,0.,1.));
#3226 = DIRECTION('',(-1.,-0.,0.));
#3227 = ADVANCED_FACE('',(#3228),#3247,.F.);
#3228 = FACE_BOUND('',#3229,.T.);
#3229 = EDGE_LOOP('',(#3230,#3238,#3245,#3246));
#3230 = ORIENTED_EDGE('',*,*,#3231,.F.);
#3231 = EDGE_CURVE('',#3232,#2541,#3234,.T.);
#3232 = VERTEX_POINT('',#3233);
#3233 = CARTESIAN_POINT('',(28.7,-8.6,14.8));
#3234 = LINE('',#3235,#3236);
#3235 = CARTESIAN_POINT('',(28.7,-8.6,14.3));
#3236 = VECTOR('',#3237,1.);
#3237 = DIRECTION('',(0.,0.,1.));
#3238 = ORIENTED_EDGE('',*,*,#3239,.F.);
#3239 = EDGE_CURVE('',#3183,#3232,#3240,.T.);
#3240 = CIRCLE('',#3241,3.2);
#3241 = AXIS2_PLACEMENT_3D('',#3242,#3243,#3244);
#3242 = CARTESIAN_POINT('',(25.5,-8.6,14.8));
#3243 = DIRECTION('',(0.,0.,1.));
#3244 = DIRECTION('',(1.,0.,-0.));
#3245 = ORIENTED_EDGE('',*,*,#3192,.T.);
#3246 = ORIENTED_EDGE('',*,*,#2548,.T.);
#3247 = CYLINDRICAL_SURFACE('',#3248,3.2);
#3248 = AXIS2_PLACEMENT_3D('',#3249,#3250,#3251);
#3249 = CARTESIAN_POINT('',(25.5,-8.6,14.3));
#3250 = DIRECTION('',(0.,0.,1.));
#3251 = DIRECTION('',(1.,0.,-0.));
#3252 = ADVANCED_FACE('',(#3253),#3271,.F.);
#3253 = FACE_BOUND('',#3254,.F.);
#3254 = EDGE_LOOP('',(#3255,#3263,#3264,#3265));
#3255 = ORIENTED_EDGE('',*,*,#3256,.T.);
#3256 = EDGE_CURVE('',#3257,#3208,#3259,.T.);
#3257 = VERTEX_POINT('',#3258);
#3258 = CARTESIAN_POINT('',(25.5,11.8,14.8));
#3259 = LINE('',#3260,#3261);
#3260 = CARTESIAN_POINT('',(-25.025,11.8,14.8));
#3261 = VECTOR('',#3262,1.);
#3262 = DIRECTION('',(-1.,-0.,0.));
#3263 = ORIENTED_EDGE('',*,*,#3216,.T.);
#3264 = ORIENTED_EDGE('',*,*,#2523,.F.);
#3265 = ORIENTED_EDGE('',*,*,#3266,.F.);
#3266 = EDGE_CURVE('',#3257,#2524,#3267,.T.);
#3267 = LINE('',#3268,#3269);
#3268 = CARTESIAN_POINT('',(25.5,11.8,14.3));
#3269 = VECTOR('',#3270,1.);
#3270 = DIRECTION('',(0.,0.,1.));
#3271 = PLANE('',#3272);
#3272 = AXIS2_PLACEMENT_3D('',#3273,#3274,#3275);
#3273 = CARTESIAN_POINT('',(-18.7,11.8,14.3));
#3274 = DIRECTION('',(-0.,1.,0.));
#3275 = DIRECTION('',(0.,0.,1.));
#3276 = ADVANCED_FACE('',(#3277),#3295,.F.);
#3277 = FACE_BOUND('',#3278,.F.);
#3278 = EDGE_LOOP('',(#3279,#3280,#3281,#3289));
#3279 = ORIENTED_EDGE('',*,*,#2540,.F.);
#3280 = ORIENTED_EDGE('',*,*,#3231,.F.);
#3281 = ORIENTED_EDGE('',*,*,#3282,.T.);
#3282 = EDGE_CURVE('',#3232,#3283,#3285,.T.);
#3283 = VERTEX_POINT('',#3284);
#3284 = CARTESIAN_POINT('',(28.7,8.6,14.8));
#3285 = LINE('',#3286,#3287);
#3286 = CARTESIAN_POINT('',(28.7,-12.575,14.8));
#3287 = VECTOR('',#3288,1.);
#3288 = DIRECTION('',(-0.,1.,0.));
#3289 = ORIENTED_EDGE('',*,*,#3290,.T.);
#3290 = EDGE_CURVE('',#3283,#2532,#3291,.T.);
#3291 = LINE('',#3292,#3293);
#3292 = CARTESIAN_POINT('',(28.7,8.6,14.3));
#3293 = VECTOR('',#3294,1.);
#3294 = DIRECTION('',(0.,0.,1.));
#3295 = PLANE('',#3296);
#3296 = AXIS2_PLACEMENT_3D('',#3297,#3298,#3299);
#3297 = CARTESIAN_POINT('',(28.7,-11.8,14.3));
#3298 = DIRECTION('',(1.,0.,-0.));
#3299 = DIRECTION('',(0.,0.,1.));
#3300 = ADVANCED_FACE('',(#3301),#3313,.F.);
#3301 = FACE_BOUND('',#3302,.F.);
#3302 = EDGE_LOOP('',(#3303,#3304,#3311,#3312));
#3303 = ORIENTED_EDGE('',*,*,#3290,.F.);
#3304 = ORIENTED_EDGE('',*,*,#3305,.T.);
#3305 = EDGE_CURVE('',#3283,#3257,#3306,.T.);
#3306 = CIRCLE('',#3307,3.2);
#3307 = AXIS2_PLACEMENT_3D('',#3308,#3309,#3310);
#3308 = CARTESIAN_POINT('',(25.5,8.6,14.8));
#3309 = DIRECTION('',(0.,0.,1.));
#3310 = DIRECTION('',(1.,0.,-0.));
#3311 = ORIENTED_EDGE('',*,*,#3266,.T.);
#3312 = ORIENTED_EDGE('',*,*,#2531,.F.);
#3313 = CYLINDRICAL_SURFACE('',#3314,3.2);
#3314 = AXIS2_PLACEMENT_3D('',#3315,#3316,#3317);
#3315 = CARTESIAN_POINT('',(25.5,8.6,14.3));
#3316 = DIRECTION('',(0.,0.,1.));
#3317 = DIRECTION('',(1.,0.,-0.));
#3318 = ADVANCED_FACE('',(#3319),#3338,.F.);
#3319 = FACE_BOUND('',#3320,.F.);
#3320 = EDGE_LOOP('',(#3321,#3322,#3330,#3337));
#3321 = ORIENTED_EDGE('',*,*,#2576,.F.);
#3322 = ORIENTED_EDGE('',*,*,#3323,.F.);
#3323 = EDGE_CURVE('',#3324,#2577,#3326,.T.);
#3324 = VERTEX_POINT('',#3325);
#3325 = CARTESIAN_POINT('',(-24.9,9.6,14.8));
#3326 = LINE('',#3327,#3328);
#3327 = CARTESIAN_POINT('',(-24.9,9.6,14.3));
#3328 = VECTOR('',#3329,1.);
#3329 = DIRECTION('',(0.,0.,1.));
#3330 = ORIENTED_EDGE('',*,*,#3331,.T.);
#3331 = EDGE_CURVE('',#3324,#3324,#3332,.T.);
#3332 = CIRCLE('',#3333,1.7);
#3333 = AXIS2_PLACEMENT_3D('',#3334,#3335,#3336);
#3334 = CARTESIAN_POINT('',(-26.6,9.6,14.8));
#3335 = DIRECTION('',(0.,0.,1.));
#3336 = DIRECTION('',(1.,0.,-0.));
#3337 = ORIENTED_EDGE('',*,*,#3323,.T.);
#3338 = CYLINDRICAL_SURFACE('',#3339,1.7);
#3339 = AXIS2_PLACEMENT_3D('',#3340,#3341,#3342);
#3340 = CARTESIAN_POINT('',(-26.6,9.6,14.3));
#3341 = DIRECTION('',(0.,0.,1.));
#3342 = DIRECTION('',(1.,0.,-0.));
#3343 = ADVANCED_FACE('',(#3344,#3354,#3357,#3360),#3370,.F.);
#3344 = FACE_BOUND('',#3345,.F.);
#3345 = EDGE_LOOP('',(#3346,#3347,#3348,#3349,#3350,#3351,#3352,#3353));
#3346 = ORIENTED_EDGE('',*,*,#2819,.F.);
#3347 = ORIENTED_EDGE('',*,*,#2804,.T.);
#3348 = ORIENTED_EDGE('',*,*,#2845,.T.);
#3349 = ORIENTED_EDGE('',*,*,#2902,.F.);
#3350 = ORIENTED_EDGE('',*,*,#2941,.T.);
#3351 = ORIENTED_EDGE('',*,*,#2968,.T.);
#3352 = ORIENTED_EDGE('',*,*,#2919,.F.);
#3353 = ORIENTED_EDGE('',*,*,#2877,.F.);
#3354 = FACE_BOUND('',#3355,.F.);
#3355 = EDGE_LOOP('',(#3356));
#3356 = ORIENTED_EDGE('',*,*,#3110,.F.);
#3357 = FACE_BOUND('',#3358,.F.);
#3358 = EDGE_LOOP('',(#3359));
#3359 = ORIENTED_EDGE('',*,*,#3331,.F.);
#3360 = FACE_BOUND('',#3361,.F.);
#3361 = EDGE_LOOP('',(#3362,#3363,#3364,#3365,#3366,#3367,#3368,#3369));
#3362 = ORIENTED_EDGE('',*,*,#3134,.F.);
#3363 = ORIENTED_EDGE('',*,*,#3160,.T.);
#3364 = ORIENTED_EDGE('',*,*,#3207,.F.);
#3365 = ORIENTED_EDGE('',*,*,#3256,.F.);
#3366 = ORIENTED_EDGE('',*,*,#3305,.F.);
#3367 = ORIENTED_EDGE('',*,*,#3282,.F.);
#3368 = ORIENTED_EDGE('',*,*,#3239,.F.);
#3369 = ORIENTED_EDGE('',*,*,#3182,.T.);
#3370 = PLANE('',#3371);
#3371 = AXIS2_PLACEMENT_3D('',#3372,#3373,#3374);
#3372 = CARTESIAN_POINT('',(-31.35,-13.35,14.8));
#3373 = DIRECTION('',(0.,0.,1.));
#3374 = DIRECTION('',(1.,0.,-0.));
#3375 = MANIFOLD_SOLID_BREP('',#3376);
#3376 = CLOSED_SHELL('',(#3377,#3410,#3430,#3455,#3464));
#3377 = ADVANCED_FACE('',(#3378),#3405,.T.);
#3378 = FACE_BOUND('',#3379,.T.);
#3379 = EDGE_LOOP('',(#3380,#3389,#3397,#3404));
#3380 = ORIENTED_EDGE('',*,*,#3381,.F.);
#3381 = EDGE_CURVE('',#3382,#3382,#3384,.T.);
#3382 = VERTEX_POINT('',#3383);
#3383 = CARTESIAN_POINT('',(-24.3,-9.6,11.6));
#3384 = CIRCLE('',#3385,2.3);
#3385 = AXIS2_PLACEMENT_3D('',#3386,#3387,#3388);
#3386 = CARTESIAN_POINT('',(-26.6,-9.6,11.6));
#3387 = DIRECTION('',(0.,0.,1.));
#3388 = DIRECTION('',(1.,0.,-0.));
#3389 = ORIENTED_EDGE('',*,*,#3390,.F.);
#3390 = EDGE_CURVE('',#3391,#3382,#3393,.T.);
#3391 = VERTEX_POINT('',#3392);
#3392 = CARTESIAN_POINT('',(-24.3,-9.6,11.));
#3393 = LINE('',#3394,#3395);
#3394 = CARTESIAN_POINT('',(-24.3,-9.6,11.));
#3395 = VECTOR('',#3396,1.);
#3396 = DIRECTION('',(0.,0.,1.));
#3397 = ORIENTED_EDGE('',*,*,#3398,.T.);
#3398 = EDGE_CURVE('',#3391,#3391,#3399,.T.);
#3399 = CIRCLE('',#3400,2.3);
#3400 = AXIS2_PLACEMENT_3D('',#3401,#3402,#3403);
#3401 = CARTESIAN_POINT('',(-26.6,-9.6,11.));
#3402 = DIRECTION('',(0.,0.,1.));
#3403 = DIRECTION('',(1.,0.,-0.));
#3404 = ORIENTED_EDGE('',*,*,#3390,.T.);
#3405 = CYLINDRICAL_SURFACE('',#3406,2.3);
#3406 = AXIS2_PLACEMENT_3D('',#3407,#3408,#3409);
#3407 = CARTESIAN_POINT('',(-26.6,-9.6,11.));
#3408 = DIRECTION('',(0.,0.,1.));
#3409 = DIRECTION('',(1.,0.,-0.));
#3410 = ADVANCED_FACE('',(#3411,#3414),#3425,.T.);
#3411 = FACE_BOUND('',#3412,.T.);
#3412 = EDGE_LOOP('',(#3413));
#3413 = ORIENTED_EDGE('',*,*,#3381,.T.);
#3414 = FACE_BOUND('',#3415,.T.);
#3415 = EDGE_LOOP('',(#3416));
#3416 = ORIENTED_EDGE('',*,*,#3417,.F.);
#3417 = EDGE_CURVE('',#3418,#3418,#3420,.T.);
#3418 = VERTEX_POINT('',#3419);
#3419 = CARTESIAN_POINT('',(-25.1,-9.6,11.6));
#3420 = CIRCLE('',#3421,1.5);
#3421 = AXIS2_PLACEMENT_3D('',#3422,#3423,#3424);
#3422 = CARTESIAN_POINT('',(-26.6,-9.6,11.6));
#3423 = DIRECTION('',(0.,0.,1.));
#3424 = DIRECTION('',(1.,0.,-0.));
#3425 = PLANE('',#3426);
#3426 = AXIS2_PLACEMENT_3D('',#3427,#3428,#3429);
#3427 = CARTESIAN_POINT('',(-26.6,-9.6,11.6));
#3428 = DIRECTION('',(0.,0.,1.));
#3429 = DIRECTION('',(1.,0.,-0.));
#3430 = ADVANCED_FACE('',(#3431),#3450,.T.);
#3431 = FACE_BOUND('',#3432,.T.);
#3432 = EDGE_LOOP('',(#3433,#3441,#3448,#3449));
#3433 = ORIENTED_EDGE('',*,*,#3434,.T.);
#3434 = EDGE_CURVE('',#3418,#3435,#3437,.T.);
#3435 = VERTEX_POINT('',#3436);
#3436 = CARTESIAN_POINT('',(-25.1,-9.6,16.4));
#3437 = LINE('',#3438,#3439);
#3438 = CARTESIAN_POINT('',(-25.1,-9.6,11.));
#3439 = VECTOR('',#3440,1.);
#3440 = DIRECTION('',(0.,0.,1.));
#3441 = ORIENTED_EDGE('',*,*,#3442,.F.);
#3442 = EDGE_CURVE('',#3435,#3435,#3443,.T.);
#3443 = CIRCLE('',#3444,1.5);
#3444 = AXIS2_PLACEMENT_3D('',#3445,#3446,#3447);
#3445 = CARTESIAN_POINT('',(-26.6,-9.6,16.4));
#3446 = DIRECTION('',(0.,0.,1.));
#3447 = DIRECTION('',(1.,0.,-0.));
#3448 = ORIENTED_EDGE('',*,*,#3434,.F.);
#3449 = ORIENTED_EDGE('',*,*,#3417,.T.);
#3450 = CYLINDRICAL_SURFACE('',#3451,1.5);
#3451 = AXIS2_PLACEMENT_3D('',#3452,#3453,#3454);
#3452 = CARTESIAN_POINT('',(-26.6,-9.6,11.));
#3453 = DIRECTION('',(0.,0.,1.));
#3454 = DIRECTION('',(1.,0.,-0.));
#3455 = ADVANCED_FACE('',(#3456),#3459,.T.);
#3456 = FACE_BOUND('',#3457,.T.);
#3457 = EDGE_LOOP('',(#3458));
#3458 = ORIENTED_EDGE('',*,*,#3442,.T.);
#3459 = PLANE('',#3460);
#3460 = AXIS2_PLACEMENT_3D('',#3461,#3462,#3463);
#3461 = CARTESIAN_POINT('',(-26.6,-9.6,16.4));
#3462 = DIRECTION('',(0.,0.,1.));
#3463 = DIRECTION('',(1.,0.,-0.));
#3464 = ADVANCED_FACE('',(#3465),#3468,.F.);
#3465 = FACE_BOUND('',#3466,.T.);
#3466 = EDGE_LOOP('',(#3467));
#3467 = ORIENTED_EDGE('',*,*,#3398,.F.);
#3468 = PLANE('',#3469);
#3469 = AXIS2_PLACEMENT_3D('',#3470,#3471,#3472);
#3470 = CARTESIAN_POINT('',(-26.6,-9.6,11.));
#3471 = DIRECTION('',(0.,0.,1.));
#3472 = DIRECTION('',(1.,0.,-0.));
#3473 = MANIFOLD_SOLID_BREP('',#3474);
#3474 = CLOSED_SHELL('',(#3475,#3508,#3528,#3553,#3562));
#3475 = ADVANCED_FACE('',(#3476),#3503,.T.);
#3476 = FACE_BOUND('',#3477,.T.);
#3477 = EDGE_LOOP('',(#3478,#3487,#3495,#3502));
#3478 = ORIENTED_EDGE('',*,*,#3479,.F.);
#3479 = EDGE_CURVE('',#3480,#3480,#3482,.T.);
#3480 = VERTEX_POINT('',#3481);
#3481 = CARTESIAN_POINT('',(-24.3,9.6,11.6));
#3482 = CIRCLE('',#3483,2.3);
#3483 = AXIS2_PLACEMENT_3D('',#3484,#3485,#3486);
#3484 = CARTESIAN_POINT('',(-26.6,9.6,11.6));
#3485 = DIRECTION('',(0.,0.,1.));
#3486 = DIRECTION('',(1.,0.,-0.));
#3487 = ORIENTED_EDGE('',*,*,#3488,.F.);
#3488 = EDGE_CURVE('',#3489,#3480,#3491,.T.);
#3489 = VERTEX_POINT('',#3490);
#3490 = CARTESIAN_POINT('',(-24.3,9.6,11.));
#3491 = LINE('',#3492,#3493);
#3492 = CARTESIAN_POINT('',(-24.3,9.6,11.));
#3493 = VECTOR('',#3494,1.);
#3494 = DIRECTION('',(0.,0.,1.));
#3495 = ORIENTED_EDGE('',*,*,#3496,.T.);
#3496 = EDGE_CURVE('',#3489,#3489,#3497,.T.);
#3497 = CIRCLE('',#3498,2.3);
#3498 = AXIS2_PLACEMENT_3D('',#3499,#3500,#3501);
#3499 = CARTESIAN_POINT('',(-26.6,9.6,11.));
#3500 = DIRECTION('',(0.,0.,1.));
#3501 = DIRECTION('',(1.,0.,-0.));
#3502 = ORIENTED_EDGE('',*,*,#3488,.T.);
#3503 = CYLINDRICAL_SURFACE('',#3504,2.3);
#3504 = AXIS2_PLACEMENT_3D('',#3505,#3506,#3507);
#3505 = CARTESIAN_POINT('',(-26.6,9.6,11.));
#3506 = DIRECTION('',(0.,0.,1.));
#3507 = DIRECTION('',(1.,0.,-0.));
#3508 = ADVANCED_FACE('',(#3509,#3512),#3523,.T.);
#3509 = FACE_BOUND('',#3510,.T.);
#3510 = EDGE_LOOP('',(#3511));
#3511 = ORIENTED_EDGE('',*,*,#3479,.T.);
#3512 = FACE_BOUND('',#3513,.T.);
#3513 = EDGE_LOOP('',(#3514));
#3514 = ORIENTED_EDGE('',*,*,#3515,.F.);
#3515 = EDGE_CURVE('',#3516,#3516,#3518,.T.);
#3516 = VERTEX_POINT('',#3517);
#3517 = CARTESIAN_POINT('',(-25.1,9.6,11.6));
#3518 = CIRCLE('',#3519,1.5);
#3519 = AXIS2_PLACEMENT_3D('',#3520,#3521,#3522);
#3520 = CARTESIAN_POINT('',(-26.6,9.6,11.6));
#3521 = DIRECTION('',(0.,0.,1.));
#3522 = DIRECTION('',(1.,0.,-0.));
#3523 = PLANE('',#3524);
#3524 = AXIS2_PLACEMENT_3D('',#3525,#3526,#3527);
#3525 = CARTESIAN_POINT('',(-26.6,9.6,11.6));
#3526 = DIRECTION('',(0.,0.,1.));
#3527 = DIRECTION('',(1.,0.,-0.));
#3528 = ADVANCED_FACE('',(#3529),#3548,.T.);
#3529 = FACE_BOUND('',#3530,.T.);
#3530 = EDGE_LOOP('',(#3531,#3539,#3546,#3547));
#3531 = ORIENTED_EDGE('',*,*,#3532,.T.);
#3532 = EDGE_CURVE('',#3516,#3533,#3535,.T.);
#3533 = VERTEX_POINT('',#3534);
#3534 = CARTESIAN_POINT('',(-25.1,9.6,16.4));
#3535 = LINE('',#3536,#3537);
#3536 = CARTESIAN_POINT('',(-25.1,9.6,11.));
#3537 = VECTOR('',#3538,1.);
#3538 = DIRECTION('',(0.,0.,1.));
#3539 = ORIENTED_EDGE('',*,*,#3540,.F.);
#3540 = EDGE_CURVE('',#3533,#3533,#3541,.T.);
#3541 = CIRCLE('',#3542,1.5);
#3542 = AXIS2_PLACEMENT_3D('',#3543,#3544,#3545);
#3543 = CARTESIAN_POINT('',(-26.6,9.6,16.4));
#3544 = DIRECTION('',(0.,0.,1.));
#3545 = DIRECTION('',(1.,0.,-0.));
#3546 = ORIENTED_EDGE('',*,*,#3532,.F.);
#3547 = ORIENTED_EDGE('',*,*,#3515,.T.);
#3548 = CYLINDRICAL_SURFACE('',#3549,1.5);
#3549 = AXIS2_PLACEMENT_3D('',#3550,#3551,#3552);
#3550 = CARTESIAN_POINT('',(-26.6,9.6,11.));
#3551 = DIRECTION('',(0.,0.,1.));
#3552 = DIRECTION('',(1.,0.,-0.));
#3553 = ADVANCED_FACE('',(#3554),#3557,.T.);
#3554 = FACE_BOUND('',#3555,.T.);
#3555 = EDGE_LOOP('',(#3556));
#3556 = ORIENTED_EDGE('',*,*,#3540,.T.);
#3557 = PLANE('',#3558);
#3558 = AXIS2_PLACEMENT_3D('',#3559,#3560,#3561);
#3559 = CARTESIAN_POINT('',(-26.6,9.6,16.4));
#3560 = DIRECTION('',(0.,0.,1.));
#3561 = DIRECTION('',(1.,0.,-0.));
#3562 = ADVANCED_FACE('',(#3563),#3566,.F.);
#3563 = FACE_BOUND('',#3564,.T.);
#3564 = EDGE_LOOP('',(#3565));
#3565 = ORIENTED_EDGE('',*,*,#3496,.F.);
#3566 = PLANE('',#3567);
#3567 = AXIS2_PLACEMENT_3D('',#3568,#3569,#3570);
#3568 = CARTESIAN_POINT('',(-26.6,9.6,11.));
#3569 = DIRECTION('',(0.,0.,1.));
#3570 = DIRECTION('',(1.,0.,-0.));
#3571 = ( GEOMETRIC_REPRESENTATION_CONTEXT(3) 
GLOBAL_UNCERTAINTY_ASSIGNED_CONTEXT((#3575)) 
GLOBAL_UNIT_ASSIGNED_CONTEXT((#3572,#3573,#3574)) REPRESENTATION_CONTEXT
('Context #1','3D Context with UNIT and UNCERTAINTY') );
#3572 = ( LENGTH_UNIT() NAMED_UNIT(*) SI_UNIT(.MILLI.,.METRE.) );
#3573 = ( NAMED_UNIT(*) PLANE_ANGLE_UNIT() SI_UNIT($,.RADIAN.) );
#3574 = ( NAMED_UNIT(*) SI_UNIT($,.STERADIAN.) SOLID_ANGLE_UNIT() );
#3575 = UNCERTAINTY_MEASURE_WITH_UNIT(LENGTH_MEASURE(1.E-07),#3572,
  'distance_accuracy_value','confusion accuracy');
#3576 = PRODUCT_RELATED_PRODUCT_CATEGORY('part',$,(#7));
ENDSEC;
END-ISO-10303-21;
